,visit_date,Fukuoka-ken_visitors,Hiroshima-ken_visitors,Hokkaid身_visitors,Hy身go-ken_visitors,Kanagawa-ken_visitors,Miyagi-ken_visitors,Niigata-ken_visitors,None_visitors,Osaka_visitors,Saitama-ken_visitors,Shizuoka-ken_visitors,T身ky身-to_visitors,?saka-fu_visitors
0,2016-01-01,57.0,17.0,18.0,10.0,,4.0,10.0,23.0,2.0,,18.0,73,33.0
1,2016-01-02,252.0,170.0,291.0,143.0,13.0,56.0,75.0,23.0,25.0,7.0,151.0,331,151.0
2,2016-01-03,197.0,160.0,178.0,158.0,12.0,28.0,112.0,9.0,20.0,,136.0,404,197.0
3,2016-01-04,229.0,121.0,77.0,118.0,7.0,49.0,44.0,13.0,64.0,,97.0,443,107.0
4,2016-01-05,127.0,81.0,52.0,102.0,11.0,43.0,34.0,32.0,26.0,7.0,60.0,593,168.0
5,2016-01-06,233.0,75.0,112.0,154.0,,77.0,107.0,30.0,46.0,5.0,52.0,760,198.0
6,2016-01-07,284.0,108.0,142.0,175.0,2.0,46.0,98.0,57.0,88.0,,89.0,744,187.0
7,2016-01-08,517.0,273.0,428.0,431.0,57.0,131.0,139.0,99.0,173.0,10.0,256.0,2490,651.0
8,2016-01-09,666.0,417.0,501.0,541.0,33.0,246.0,283.0,138.0,111.0,22.0,428.0,1961,645.0
9,2016-01-10,680.0,297.0,314.0,500.0,44.0,222.0,207.0,80.0,117.0,12.0,310.0,1585,615.0
10,2016-01-11,243.0,187.0,109.0,301.0,22.0,83.0,50.0,50.0,101.0,9.0,109.0,1125,547.0
11,2016-01-12,283.0,166.0,191.0,176.0,25.0,62.0,27.0,70.0,70.0,,145.0,896,296.0
12,2016-01-13,312.0,124.0,238.0,223.0,27.0,134.0,86.0,83.0,60.0,,117.0,1544,397.0
13,2016-01-14,216.0,184.0,239.0,250.0,68.0,111.0,84.0,58.0,103.0,9.0,134.0,1790,294.0
14,2016-01-15,785.0,650.0,485.0,891.0,94.0,304.0,325.0,344.0,368.0,15.0,472.0,4500,1103.0
15,2016-01-16,1057.0,480.0,590.0,702.0,31.0,375.0,364.0,170.0,340.0,3.0,749.0,3479,1051.0
16,2016-01-17,336.0,215.0,105.0,279.0,26.0,95.0,95.0,57.0,130.0,29.0,264.0,1471,419.0
17,2016-01-18,357.0,179.0,97.0,205.0,21.0,57.0,105.0,83.0,61.0,10.0,164.0,1174,325.0
18,2016-01-19,332.0,183.0,295.0,250.0,27.0,155.0,97.0,56.0,62.0,,136.0,1476,474.0
19,2016-01-20,387.0,166.0,159.0,272.0,47.0,114.0,150.0,94.0,131.0,8.0,148.0,2348,596.0
20,2016-01-21,285.0,211.0,168.0,294.0,82.0,181.0,196.0,175.0,95.0,7.0,209.0,1813,467.0
21,2016-01-22,1058.0,617.0,628.0,894.0,86.0,463.0,303.0,286.0,370.0,31.0,723.0,5163,1194.0
22,2016-01-23,1146.0,785.0,783.0,994.0,75.0,451.0,473.0,181.0,347.0,37.0,805.0,3971,1492.0
23,2016-01-24,303.0,140.0,133.0,361.0,21.0,122.0,96.0,115.0,141.0,,180.0,1645,478.0
24,2016-01-25,354.0,163.0,208.0,235.0,14.0,131.0,68.0,113.0,126.0,19.0,77.0,1372,323.0
25,2016-01-26,423.0,212.0,155.0,245.0,56.0,94.0,144.0,57.0,61.0,24.0,215.0,1756,402.0
26,2016-01-27,462.0,287.0,211.0,331.0,60.0,180.0,166.0,210.0,144.0,21.0,225.0,2752,540.0
27,2016-01-28,350.0,257.0,234.0,266.0,17.0,203.0,121.0,75.0,166.0,12.0,200.0,2326,447.0
28,2016-01-29,1338.0,605.0,645.0,898.0,134.0,479.0,389.0,261.0,404.0,16.0,803.0,6359,1330.0
29,2016-01-30,1369.0,912.0,824.0,1002.0,142.0,452.0,600.0,99.0,307.0,13.0,1285.0,4013,1369.0
30,2016-01-31,337.0,223.0,134.0,386.0,44.0,90.0,91.0,104.0,152.0,7.0,187.0,1709,531.0
31,2016-02-01,193.0,166.0,92.0,129.0,7.0,107.0,58.0,56.0,41.0,,94.0,1220,316.0
32,2016-02-02,189.0,126.0,112.0,149.0,6.0,104.0,85.0,23.0,57.0,2.0,157.0,1306,230.0
33,2016-02-03,283.0,85.0,170.0,231.0,32.0,82.0,35.0,110.0,91.0,10.0,133.0,1473,230.0
34,2016-02-04,354.0,160.0,188.0,163.0,2.0,68.0,60.0,96.0,77.0,2.0,128.0,1651,519.0
35,2016-02-05,839.0,451.0,570.0,614.0,82.0,378.0,290.0,95.0,312.0,8.0,424.0,4401,864.0
36,2016-02-06,1033.0,710.0,686.0,704.0,24.0,418.0,353.0,94.0,265.0,27.0,987.0,3242,1137.0
37,2016-02-07,324.0,97.0,213.0,317.0,36.0,66.0,47.0,63.0,146.0,32.0,249.0,1588,379.0
38,2016-02-08,303.0,159.0,222.0,212.0,30.0,115.0,101.0,66.0,67.0,18.0,151.0,1365,319.0
39,2016-02-09,287.0,201.0,158.0,210.0,30.0,108.0,85.0,67.0,134.0,12.0,133.0,1515,435.0
40,2016-02-10,1030.0,536.0,650.0,745.0,66.0,349.0,338.0,183.0,350.0,18.0,365.0,4401,1303.0
41,2016-02-11,327.0,196.0,223.0,333.0,36.0,126.0,79.0,56.0,121.0,2.0,198.0,1450,446.0
42,2016-02-12,650.0,564.0,543.0,836.0,63.0,307.0,296.0,197.0,237.0,3.0,651.0,3574,949.0
43,2016-02-13,1049.0,883.0,696.0,732.0,18.0,361.0,496.0,145.0,281.0,59.0,718.0,3286,1179.0
44,2016-02-14,283.0,278.0,127.0,319.0,31.0,79.0,80.0,54.0,123.0,19.0,130.0,1424,433.0
45,2016-02-15,310.0,173.0,204.0,177.0,25.0,115.0,95.0,54.0,107.0,,203.0,1319,310.0
46,2016-02-16,377.0,148.0,193.0,255.0,40.0,140.0,89.0,112.0,104.0,,177.0,1858,492.0
47,2016-02-17,466.0,241.0,184.0,511.0,59.0,166.0,99.0,99.0,165.0,7.0,200.0,1941,383.0
48,2016-02-18,334.0,220.0,196.0,275.0,30.0,158.0,127.0,134.0,187.0,5.0,109.0,1905,461.0
49,2016-02-19,944.0,655.0,517.0,771.0,98.0,409.0,388.0,212.0,368.0,15.0,613.0,4661,1038.0
50,2016-02-20,1096.0,852.0,837.0,756.0,78.0,540.0,454.0,200.0,332.0,27.0,878.0,3520,1089.0
51,2016-02-21,343.0,213.0,182.0,488.0,32.0,177.0,164.0,98.0,191.0,18.0,247.0,1822,508.0
52,2016-02-22,417.0,130.0,204.0,186.0,7.0,116.0,95.0,62.0,120.0,3.0,106.0,1404,378.0
53,2016-02-23,455.0,145.0,254.0,244.0,58.0,167.0,110.0,146.0,166.0,,201.0,1636,415.0
54,2016-02-24,458.0,209.0,264.0,324.0,25.0,193.0,173.0,88.0,157.0,15.0,197.0,2172,543.0
55,2016-02-25,604.0,293.0,441.0,321.0,50.0,93.0,175.0,132.0,130.0,,182.0,2168,518.0
56,2016-02-26,1243.0,791.0,722.0,913.0,100.0,470.0,424.0,201.0,328.0,35.0,797.0,5935,1420.0
57,2016-02-27,1124.0,926.0,969.0,976.0,71.0,505.0,694.0,153.0,329.0,33.0,1250.0,4725,1199.0
58,2016-02-28,446.0,271.0,256.0,361.0,45.0,117.0,122.0,146.0,214.0,12.0,312.0,1994,532.0
59,2016-02-29,292.0,140.0,204.0,290.0,30.0,142.0,133.0,87.0,119.0,13.0,181.0,1717,398.0
60,2016-03-01,323.0,172.0,206.0,203.0,12.0,109.0,98.0,100.0,111.0,2.0,249.0,1211,415.0
61,2016-03-02,457.0,176.0,182.0,228.0,9.0,144.0,136.0,69.0,90.0,,194.0,1666,437.0
62,2016-03-03,324.0,138.0,231.0,194.0,15.0,99.0,98.0,105.0,137.0,,94.0,1747,502.0
63,2016-03-04,1033.0,650.0,544.0,836.0,66.0,390.0,391.0,213.0,331.0,2.0,625.0,4052,1058.0
64,2016-03-05,1039.0,826.0,855.0,767.0,134.0,467.0,536.0,73.0,327.0,87.0,774.0,3675,1087.0
65,2016-03-06,316.0,212.0,225.0,368.0,16.0,141.0,71.0,166.0,135.0,25.0,265.0,1780,460.0
66,2016-03-07,305.0,212.0,179.0,218.0,39.0,198.0,178.0,64.0,256.0,18.0,143.0,1199,380.0
67,2016-03-08,486.0,238.0,206.0,262.0,31.0,94.0,244.0,76.0,121.0,,166.0,1810,598.0
68,2016-03-09,521.0,343.0,270.0,481.0,31.0,157.0,183.0,123.0,175.0,11.0,232.0,1980,468.0
69,2016-03-10,438.0,257.0,269.0,414.0,54.0,264.0,117.0,93.0,148.0,18.0,177.0,2016,499.0
70,2016-03-11,1143.0,749.0,1025.0,951.0,78.0,435.0,504.0,328.0,362.0,2.0,959.0,5463,1640.0
71,2016-03-12,1527.0,875.0,986.0,992.0,153.0,607.0,524.0,243.0,305.0,82.0,1112.0,4111,1641.0
72,2016-03-13,426.0,295.0,211.0,539.0,60.0,174.0,141.0,101.0,156.0,8.0,329.0,2178,608.0
73,2016-03-14,440.0,202.0,205.0,210.0,72.0,184.0,161.0,100.0,94.0,26.0,230.0,1727,524.0
74,2016-03-15,518.0,233.0,375.0,287.0,94.0,207.0,118.0,163.0,137.0,9.0,259.0,2345,637.0
75,2016-03-16,589.0,285.0,327.0,428.0,48.0,351.0,152.0,199.0,214.0,10.0,361.0,2740,768.0
76,2016-03-17,641.0,358.0,430.0,451.0,32.0,233.0,149.0,92.0,170.0,13.0,399.0,2937,536.0
77,2016-03-18,1984.0,995.0,1386.0,1308.0,107.0,838.0,485.0,379.0,436.0,18.0,1124.0,7608,1686.0
78,2016-03-19,1701.0,919.0,1082.0,1101.0,93.0,677.0,597.0,222.0,520.0,117.0,979.0,5505,1540.0
79,2016-03-20,860.0,653.0,800.0,771.0,67.0,323.0,306.0,196.0,276.0,44.0,483.0,3954,1113.0
80,2016-03-21,626.0,241.0,264.0,404.0,33.0,148.0,208.0,19.0,218.0,11.0,341.0,2341,511.0
81,2016-03-22,643.0,465.0,341.0,523.0,14.0,270.0,165.0,158.0,153.0,18.0,405.0,2652,704.0
82,2016-03-23,758.0,433.0,404.0,540.0,42.0,424.0,220.0,205.0,249.0,34.0,429.0,4456,1106.0
83,2016-03-24,751.0,514.0,633.0,605.0,129.0,357.0,204.0,203.0,238.0,,381.0,4275,1452.0
84,2016-03-25,2425.0,1236.0,1563.0,1798.0,203.0,1227.0,652.0,569.0,635.0,23.0,1653.0,11689,2286.0
85,2016-03-26,1638.0,1023.0,1329.0,1301.0,117.0,683.0,523.0,341.0,388.0,50.0,1025.0,5343,1728.0
86,2016-03-27,556.0,362.0,303.0,526.0,45.0,260.0,84.0,157.0,251.0,28.0,361.0,2924,686.0
87,2016-03-28,534.0,331.0,419.0,558.0,127.0,232.0,287.0,170.0,184.0,21.0,414.0,3442,814.0
88,2016-03-29,808.0,337.0,370.0,447.0,82.0,222.0,189.0,230.0,186.0,34.0,405.0,3708,927.0
89,2016-03-30,948.0,486.0,437.0,745.0,109.0,256.0,220.0,263.0,246.0,36.0,445.0,5376,1135.0
90,2016-03-31,593.0,367.0,326.0,529.0,65.0,216.0,103.0,202.0,174.0,20.0,288.0,3932,588.0
91,2016-04-01,950.0,514.0,627.0,734.0,103.0,377.0,324.0,497.0,216.0,2.0,640.0,5292,1005.0
92,2016-04-02,822.0,640.0,583.0,701.0,72.0,279.0,482.0,111.0,205.0,26.0,697.0,3081,978.0
93,2016-04-03,225.0,280.0,103.0,375.0,45.0,66.0,51.0,58.0,129.0,4.0,218.0,1583,398.0
94,2016-04-04,362.0,220.0,202.0,284.0,8.0,78.0,128.0,103.0,68.0,,124.0,1602,361.0
95,2016-04-05,383.0,277.0,276.0,224.0,78.0,142.0,160.0,128.0,59.0,,124.0,1998,630.0
96,2016-04-06,358.0,348.0,219.0,325.0,31.0,101.0,154.0,134.0,99.0,15.0,305.0,2436,467.0
97,2016-04-07,379.0,200.0,130.0,245.0,105.0,215.0,100.0,103.0,66.0,10.0,129.0,2325,575.0
98,2016-04-08,1295.0,806.0,977.0,1149.0,109.0,338.0,436.0,308.0,230.0,19.0,1003.0,6361,1375.0
99,2016-04-09,979.0,542.0,735.0,732.0,83.0,381.0,495.0,299.0,294.0,86.0,795.0,3374,856.0
100,2016-04-10,297.0,193.0,114.0,276.0,5.0,131.0,114.0,83.0,100.0,18.0,165.0,1546,321.0
101,2016-04-11,232.0,194.0,207.0,265.0,14.0,153.0,104.0,108.0,49.0,58.0,82.0,1460,303.0
102,2016-04-12,368.0,210.0,256.0,143.0,5.0,105.0,110.0,86.0,50.0,4.0,187.0,2197,431.0
103,2016-04-13,432.0,292.0,242.0,372.0,97.0,155.0,274.0,139.0,158.0,12.0,236.0,2401,639.0
104,2016-04-14,397.0,210.0,355.0,352.0,48.0,76.0,130.0,91.0,147.0,27.0,164.0,2499,472.0
105,2016-04-15,1345.0,938.0,985.0,1360.0,213.0,479.0,658.0,335.0,417.0,41.0,1053.0,8126,2230.0
106,2016-04-16,1316.0,643.0,953.0,852.0,144.0,511.0,482.0,170.0,279.0,89.0,935.0,4349,1099.0
107,2016-04-17,258.0,165.0,223.0,353.0,21.0,96.0,105.0,60.0,186.0,37.0,224.0,1790,400.0
108,2016-04-18,286.0,117.0,219.0,316.0,33.0,59.0,88.0,23.0,111.0,5.0,128.0,1912,355.0
109,2016-04-19,241.0,184.0,196.0,273.0,51.0,146.0,164.0,131.0,121.0,15.0,212.0,2482,446.0
110,2016-04-20,566.0,270.0,278.0,484.0,86.0,284.0,121.0,158.0,146.0,9.0,197.0,3459,647.0
111,2016-04-21,398.0,321.0,236.0,307.0,41.0,190.0,84.0,152.0,117.0,4.0,235.0,2753,582.0
112,2016-04-22,1273.0,906.0,1331.0,1467.0,259.0,635.0,521.0,332.0,247.0,86.0,1053.0,7985,1696.0
113,2016-04-23,1044.0,962.0,762.0,992.0,223.0,467.0,527.0,191.0,254.0,28.0,809.0,4999,1044.0
114,2016-04-24,316.0,251.0,210.0,391.0,43.0,116.0,91.0,80.0,109.0,8.0,203.0,1665,510.0
115,2016-04-25,395.0,275.0,310.0,248.0,14.0,117.0,116.0,103.0,133.0,,159.0,2388,532.0
116,2016-04-26,396.0,302.0,377.0,340.0,63.0,291.0,195.0,130.0,121.0,17.0,279.0,2947,564.0
117,2016-04-27,490.0,381.0,334.0,407.0,102.0,286.0,154.0,180.0,116.0,10.0,274.0,3923,782.0
118,2016-04-28,1072.0,913.0,1103.0,1227.0,117.0,372.0,406.0,325.0,368.0,24.0,989.0,6150,1484.0
119,2016-04-29,867.0,607.0,660.0,686.0,149.0,209.0,404.0,115.0,312.0,12.0,515.0,3433,800.0
120,2016-04-30,914.0,915.0,691.0,914.0,43.0,401.0,446.0,168.0,272.0,24.0,798.0,3611,1033.0
121,2016-05-01,442.0,285.0,332.0,430.0,56.0,128.0,217.0,108.0,201.0,15.0,279.0,1796,532.0
122,2016-05-02,583.0,440.0,345.0,652.0,32.0,289.0,294.0,114.0,157.0,2.0,292.0,1997,674.0
123,2016-05-03,952.0,532.0,655.0,833.0,54.0,280.0,468.0,129.0,204.0,12.0,640.0,2547,879.0
124,2016-05-04,605.0,459.0,626.0,662.0,45.0,323.0,343.0,143.0,262.0,10.0,501.0,2165,770.0
125,2016-05-05,345.0,217.0,236.0,483.0,8.0,105.0,111.0,67.0,137.0,9.0,210.0,1457,321.0
126,2016-05-06,594.0,302.0,356.0,522.0,73.0,158.0,233.0,158.0,189.0,23.0,423.0,2386,773.0
127,2016-05-07,697.0,595.0,561.0,531.0,37.0,238.0,308.0,170.0,165.0,34.0,664.0,2969,748.0
128,2016-05-08,301.0,145.0,160.0,436.0,35.0,198.0,99.0,33.0,133.0,11.0,216.0,1397,387.0
129,2016-05-09,294.0,126.0,231.0,192.0,3.0,157.0,99.0,94.0,73.0,7.0,95.0,1265,269.0
130,2016-05-10,300.0,153.0,124.0,210.0,26.0,112.0,41.0,64.0,104.0,,163.0,1535,295.0
131,2016-05-11,286.0,216.0,207.0,330.0,61.0,74.0,96.0,81.0,91.0,28.0,131.0,2042,406.0
132,2016-05-12,425.0,218.0,268.0,294.0,112.0,190.0,142.0,89.0,59.0,,146.0,2037,317.0
133,2016-05-13,888.0,732.0,731.0,965.0,145.0,257.0,454.0,342.0,188.0,39.0,772.0,5246,1294.0
134,2016-05-14,1037.0,792.0,686.0,899.0,35.0,373.0,344.0,210.0,240.0,79.0,828.0,4029,1086.0
135,2016-05-15,269.0,216.0,261.0,403.0,65.0,119.0,99.0,77.0,121.0,12.0,130.0,1818,363.0
136,2016-05-16,323.0,63.0,200.0,207.0,19.0,120.0,91.0,38.0,70.0,,129.0,1314,364.0
137,2016-05-17,277.0,131.0,148.0,187.0,5.0,95.0,113.0,74.0,71.0,28.0,176.0,1859,361.0
138,2016-05-18,461.0,216.0,229.0,298.0,53.0,96.0,108.0,143.0,124.0,18.0,150.0,2443,367.0
139,2016-05-19,430.0,168.0,317.0,360.0,35.0,221.0,192.0,149.0,115.0,11.0,272.0,2457,483.0
140,2016-05-20,966.0,590.0,803.0,1031.0,145.0,323.0,426.0,159.0,363.0,65.0,810.0,5789,1197.0
141,2016-05-21,1177.0,865.0,733.0,994.0,67.0,424.0,562.0,190.0,222.0,29.0,704.0,3993,1182.0
142,2016-05-22,391.0,175.0,154.0,412.0,90.0,98.0,116.0,96.0,158.0,20.0,162.0,2059,384.0
143,2016-05-23,244.0,226.0,171.0,171.0,34.0,88.0,105.0,118.0,94.0,4.0,94.0,1449,375.0
144,2016-05-24,354.0,161.0,204.0,218.0,17.0,99.0,112.0,77.0,118.0,4.0,184.0,1528,302.0
145,2016-05-25,490.0,226.0,282.0,426.0,61.0,97.0,155.0,195.0,148.0,9.0,202.0,2931,561.0
146,2016-05-26,380.0,209.0,142.0,295.0,54.0,175.0,86.0,205.0,144.0,8.0,183.0,2890,480.0
147,2016-05-27,966.0,699.0,747.0,1194.0,201.0,487.0,427.0,262.0,347.0,34.0,916.0,6585,1365.0
148,2016-05-28,1001.0,896.0,805.0,831.0,170.0,479.0,501.0,193.0,363.0,104.0,836.0,4523,1117.0
149,2016-05-29,353.0,246.0,148.0,442.0,101.0,104.0,108.0,62.0,136.0,5.0,214.0,2232,488.0
150,2016-05-30,369.0,196.0,216.0,170.0,58.0,83.0,48.0,97.0,108.0,,173.0,1695,470.0
151,2016-05-31,285.0,208.0,210.0,311.0,68.0,77.0,87.0,139.0,107.0,16.0,202.0,1974,297.0
152,2016-06-01,277.0,222.0,203.0,204.0,16.0,82.0,99.0,70.0,66.0,7.0,159.0,1663,407.0
153,2016-06-02,352.0,235.0,155.0,200.0,4.0,50.0,67.0,50.0,107.0,6.0,96.0,1364,628.0
154,2016-06-03,784.0,498.0,499.0,603.0,119.0,376.0,305.0,239.0,306.0,16.0,747.0,4450,1119.0
155,2016-06-04,1010.0,767.0,555.0,807.0,43.0,284.0,361.0,155.0,388.0,15.0,673.0,3547,1072.0
156,2016-06-05,364.0,188.0,137.0,384.0,28.0,47.0,111.0,84.0,114.0,11.0,128.0,1777,510.0
157,2016-06-06,216.0,125.0,196.0,194.0,28.0,56.0,106.0,85.0,77.0,,95.0,1171,208.0
158,2016-06-07,356.0,175.0,179.0,288.0,26.0,125.0,70.0,45.0,88.0,8.0,168.0,1365,321.0
159,2016-06-08,372.0,147.0,249.0,373.0,13.0,105.0,174.0,57.0,73.0,16.0,140.0,1972,526.0
160,2016-06-09,218.0,189.0,207.0,262.0,28.0,94.0,83.0,137.0,65.0,12.0,135.0,1994,462.0
161,2016-06-10,1235.0,629.0,559.0,942.0,95.0,287.0,371.0,308.0,432.0,26.0,691.0,5808,1265.0
162,2016-06-11,1166.0,752.0,811.0,874.0,118.0,329.0,507.0,250.0,394.0,39.0,745.0,4007,1135.0
163,2016-06-12,313.0,207.0,186.0,412.0,14.0,97.0,85.0,78.0,143.0,2.0,282.0,1951,388.0
164,2016-06-13,376.0,170.0,166.0,126.0,55.0,45.0,91.0,111.0,64.0,6.0,115.0,1282,223.0
165,2016-06-14,286.0,114.0,193.0,273.0,66.0,82.0,85.0,24.0,79.0,5.0,122.0,1608,396.0
166,2016-06-15,383.0,169.0,210.0,345.0,38.0,127.0,134.0,180.0,161.0,,179.0,2230,530.0
167,2016-06-16,399.0,176.0,261.0,361.0,32.0,157.0,137.0,144.0,234.0,5.0,142.0,2337,604.0
168,2016-06-17,1142.0,633.0,934.0,830.0,169.0,340.0,423.0,242.0,278.0,20.0,793.0,6208,1314.0
169,2016-06-18,1154.0,858.0,951.0,822.0,91.0,384.0,588.0,170.0,435.0,19.0,832.0,4398,1210.0
170,2016-06-19,345.0,319.0,299.0,409.0,35.0,90.0,107.0,98.0,181.0,13.0,134.0,2279,599.0
171,2016-06-20,175.0,149.0,201.0,153.0,32.0,103.0,47.0,88.0,47.0,2.0,196.0,1473,360.0
172,2016-06-21,321.0,204.0,142.0,405.0,51.0,62.0,50.0,110.0,100.0,5.0,160.0,2065,381.0
173,2016-06-22,472.0,188.0,289.0,389.0,167.0,243.0,128.0,129.0,129.0,21.0,212.0,2499,528.0
174,2016-06-23,289.0,348.0,301.0,317.0,47.0,128.0,194.0,130.0,123.0,17.0,98.0,3345,480.0
175,2016-06-24,1483.0,799.0,968.0,1268.0,221.0,454.0,652.0,408.0,424.0,69.0,905.0,8025,2140.0
176,2016-06-25,1408.0,903.0,909.0,886.0,118.0,556.0,709.0,325.0,408.0,65.0,1038.0,4804,1787.0
177,2016-06-26,361.0,329.0,194.0,440.0,68.0,152.0,146.0,121.0,162.0,30.0,270.0,2331,558.0
178,2016-06-27,363.0,248.0,175.0,290.0,6.0,122.0,129.0,60.0,141.0,6.0,170.0,1997,541.0
179,2016-06-28,394.0,155.0,218.0,279.0,103.0,82.0,92.0,123.0,127.0,4.0,228.0,2503,528.0
180,2016-06-29,407.0,334.0,191.0,523.0,73.0,130.0,180.0,174.0,240.0,,255.0,3445,762.0
181,2016-06-30,301.0,223.0,284.0,347.0,83.0,102.0,110.0,156.0,164.0,7.0,166.0,3048,732.0
182,2016-07-01,984.0,563.0,900.0,1000.0,85.0,251.0,314.0,293.0,321.0,21.0,644.0,4986,1118.0
183,2016-07-02,1101.0,699.0,583.0,750.0,66.0,289.0,443.0,226.0,250.0,96.0,808.0,3858,1201.0
184,2016-07-03,219.0,271.0,176.0,280.0,74.0,82.0,99.0,21.0,145.0,4.0,135.0,1794,310.0
185,2016-07-04,261.0,214.0,146.0,178.0,39.0,60.0,61.0,41.0,74.0,6.0,112.0,1280,387.0
186,2016-07-05,274.0,166.0,138.0,172.0,68.0,130.0,89.0,107.0,112.0,2.0,167.0,1809,318.0
187,2016-07-06,423.0,186.0,248.0,268.0,64.0,176.0,182.0,111.0,116.0,2.0,183.0,2339,403.0
188,2016-07-07,328.0,150.0,270.0,296.0,54.0,98.0,112.0,105.0,92.0,,176.0,2073,362.0
189,2016-07-08,1150.0,686.0,660.0,986.0,89.0,335.0,376.0,293.0,437.0,26.0,723.0,6145,1170.0
190,2016-07-09,1056.0,759.0,842.0,909.0,62.0,625.0,523.0,383.0,324.0,126.0,863.0,4220,1007.0
191,2016-07-10,323.0,188.0,214.0,373.0,43.0,180.0,92.0,75.0,125.0,14.0,118.0,1600,434.0
192,2016-07-11,208.0,122.0,172.0,282.0,20.0,106.0,73.0,83.0,76.0,23.0,132.0,1609,408.0
193,2016-07-12,260.0,217.0,207.0,264.0,20.0,69.0,155.0,110.0,60.0,12.0,140.0,1710,387.0
194,2016-07-13,532.0,195.0,261.0,398.0,40.0,197.0,104.0,153.0,175.0,62.0,151.0,2704,658.0
195,2016-07-14,417.0,234.0,206.0,256.0,59.0,146.0,100.0,131.0,111.0,,209.0,2810,497.0
196,2016-07-15,1020.0,897.0,752.0,960.0,143.0,359.0,518.0,294.0,312.0,32.0,621.0,6620,1280.0
197,2016-07-16,1098.0,847.0,800.0,988.0,118.0,472.0,541.0,208.0,297.0,119.0,788.0,4323,1047.0
198,2016-07-17,867.0,482.0,396.0,621.0,118.0,221.0,283.0,206.0,221.0,57.0,393.0,2970,735.0
199,2016-07-18,375.0,243.0,200.0,361.0,24.0,93.0,114.0,48.0,148.0,7.0,107.0,1388,314.0
200,2016-07-19,397.0,158.0,172.0,310.0,56.0,113.0,151.0,211.0,94.0,4.0,144.0,1705,413.0
201,2016-07-20,467.0,221.0,236.0,321.0,55.0,193.0,153.0,219.0,98.0,54.0,213.0,2700,660.0
202,2016-07-21,546.0,263.0,429.0,351.0,42.0,189.0,133.0,241.0,211.0,5.0,175.0,2577,491.0
203,2016-07-22,1327.0,842.0,624.0,939.0,95.0,422.0,425.0,499.0,624.0,34.0,994.0,6804,1303.0
204,2016-07-23,1075.0,618.0,742.0,728.0,171.0,340.0,564.0,380.0,359.0,27.0,747.0,4070,1188.0
205,2016-07-24,400.0,262.0,173.0,291.0,38.0,117.0,128.0,45.0,138.0,63.0,167.0,2099,435.0
206,2016-07-25,343.0,178.0,239.0,170.0,35.0,103.0,105.0,143.0,109.0,45.0,173.0,1951,413.0
207,2016-07-26,437.0,227.0,226.0,256.0,58.0,202.0,88.0,256.0,73.0,2.0,212.0,2340,470.0
208,2016-07-27,596.0,353.0,279.0,420.0,114.0,130.0,125.0,133.0,206.0,26.0,122.0,2577,591.0
209,2016-07-28,583.0,270.0,232.0,405.0,58.0,163.0,105.0,202.0,180.0,29.0,236.0,3055,526.0
210,2016-07-29,1421.0,813.0,611.0,1004.0,147.0,521.0,442.0,382.0,433.0,27.0,1187.0,8015,1566.0
211,2016-07-30,927.0,736.0,784.0,878.0,54.0,447.0,487.0,203.0,380.0,37.0,847.0,3929,1400.0
212,2016-07-31,339.0,232.0,280.0,337.0,49.0,112.0,198.0,69.0,205.0,31.0,165.0,1913,507.0
213,2016-08-01,213.0,162.0,187.0,228.0,10.0,47.0,60.0,26.0,43.0,,121.0,1636,229.0
214,2016-08-02,298.0,145.0,158.0,215.0,11.0,137.0,120.0,91.0,145.0,12.0,149.0,1682,397.0
215,2016-08-03,507.0,247.0,323.0,399.0,20.0,102.0,149.0,149.0,189.0,20.0,187.0,2563,482.0
216,2016-08-04,447.0,241.0,249.0,396.0,61.0,204.0,116.0,221.0,161.0,6.0,210.0,2357,543.0
217,2016-08-05,873.0,787.0,509.0,978.0,133.0,331.0,438.0,333.0,405.0,23.0,872.0,5468,1556.0
218,2016-08-06,1012.0,621.0,663.0,702.0,45.0,422.0,356.0,264.0,320.0,34.0,640.0,3103,763.0
219,2016-08-07,287.0,312.0,190.0,375.0,5.0,98.0,88.0,74.0,172.0,18.0,84.0,1498,390.0
220,2016-08-08,363.0,344.0,189.0,247.0,20.0,113.0,148.0,86.0,101.0,,216.0,1680,520.0
221,2016-08-09,398.0,280.0,368.0,304.0,27.0,195.0,94.0,129.0,143.0,11.0,230.0,2475,413.0
222,2016-08-10,1162.0,662.0,639.0,867.0,113.0,372.0,508.0,227.0,321.0,9.0,520.0,4157,1461.0
223,2016-08-11,832.0,450.0,395.0,621.0,62.0,267.0,334.0,61.0,215.0,19.0,351.0,2086,613.0
224,2016-08-12,801.0,735.0,587.0,701.0,71.0,366.0,506.0,153.0,313.0,11.0,667.0,2849,921.0
225,2016-08-13,774.0,705.0,475.0,883.0,61.0,361.0,323.0,150.0,299.0,23.0,642.0,2678,1050.0
226,2016-08-14,602.0,482.0,375.0,571.0,66.0,220.0,503.0,104.0,269.0,,385.0,1954,964.0
227,2016-08-15,504.0,315.0,288.0,463.0,18.0,237.0,370.0,108.0,177.0,7.0,358.0,1303,591.0
228,2016-08-16,362.0,305.0,293.0,327.0,4.0,147.0,118.0,44.0,149.0,7.0,223.0,1614,543.0
229,2016-08-17,494.0,352.0,198.0,359.0,21.0,119.0,216.0,93.0,153.0,5.0,236.0,2106,443.0
230,2016-08-18,433.0,289.0,247.0,328.0,20.0,90.0,125.0,56.0,161.0,2.0,189.0,2142,553.0
231,2016-08-19,902.0,561.0,696.0,715.0,101.0,376.0,332.0,176.0,334.0,6.0,568.0,4422,1356.0
232,2016-08-20,1037.0,693.0,862.0,757.0,133.0,354.0,434.0,318.0,256.0,73.0,771.0,3538,1095.0
233,2016-08-21,450.0,243.0,275.0,358.0,5.0,81.0,78.0,146.0,235.0,31.0,145.0,1982,556.0
234,2016-08-22,323.0,165.0,198.0,201.0,20.0,93.0,111.0,59.0,168.0,5.0,198.0,1298,465.0
235,2016-08-23,350.0,207.0,185.0,376.0,36.0,113.0,204.0,110.0,139.0,10.0,279.0,1821,545.0
236,2016-08-24,473.0,255.0,244.0,388.0,90.0,118.0,159.0,217.0,284.0,7.0,319.0,2681,603.0
237,2016-08-25,395.0,216.0,232.0,366.0,52.0,157.0,122.0,94.0,164.0,9.0,185.0,2949,640.0
238,2016-08-26,1215.0,740.0,708.0,1056.0,166.0,322.0,399.0,244.0,436.0,47.0,743.0,5775,1242.0
239,2016-08-27,1452.0,946.0,710.0,898.0,74.0,376.0,469.0,252.0,377.0,155.0,869.0,4130,1225.0
240,2016-08-28,388.0,285.0,191.0,395.0,36.0,158.0,139.0,181.0,214.0,41.0,194.0,1900,596.0
241,2016-08-29,304.0,168.0,203.0,273.0,16.0,86.0,143.0,126.0,191.0,3.0,117.0,1891,501.0
242,2016-08-30,290.0,225.0,209.0,295.0,58.0,111.0,82.0,119.0,167.0,3.0,165.0,1869,433.0
243,2016-08-31,380.0,388.0,253.0,444.0,94.0,115.0,99.0,169.0,137.0,33.0,102.0,2601,647.0
244,2016-09-01,340.0,155.0,198.0,209.0,16.0,121.0,110.0,99.0,71.0,,188.0,1614,329.0
245,2016-09-02,761.0,562.0,519.0,695.0,60.0,228.0,356.0,245.0,320.0,33.0,631.0,4578,1083.0
246,2016-09-03,699.0,663.0,642.0,718.0,27.0,366.0,390.0,141.0,325.0,45.0,675.0,3666,1047.0
247,2016-09-04,193.0,232.0,261.0,320.0,25.0,109.0,119.0,36.0,179.0,4.0,200.0,1610,595.0
248,2016-09-05,276.0,140.0,194.0,188.0,78.0,147.0,71.0,78.0,118.0,8.0,110.0,1550,311.0
249,2016-09-06,305.0,165.0,191.0,244.0,46.0,101.0,30.0,130.0,71.0,7.0,111.0,1574,311.0
250,2016-09-07,357.0,243.0,186.0,327.0,8.0,148.0,103.0,170.0,193.0,5.0,171.0,2172,560.0
251,2016-09-08,380.0,290.0,197.0,390.0,22.0,109.0,135.0,227.0,124.0,12.0,236.0,2193,530.0
252,2016-09-09,985.0,750.0,620.0,824.0,72.0,306.0,320.0,275.0,426.0,23.0,736.0,5242,1280.0
253,2016-09-10,1006.0,789.0,905.0,849.0,57.0,495.0,405.0,161.0,263.0,18.0,1004.0,3722,1189.0
254,2016-09-11,317.0,299.0,191.0,237.0,95.0,78.0,120.0,54.0,165.0,33.0,162.0,1703,470.0
255,2016-09-12,347.0,199.0,153.0,230.0,12.0,89.0,103.0,96.0,103.0,4.0,152.0,1530,429.0
256,2016-09-13,315.0,285.0,258.0,197.0,35.0,117.0,153.0,94.0,197.0,10.0,152.0,2018,429.0
257,2016-09-14,360.0,302.0,185.0,372.0,16.0,162.0,181.0,110.0,249.0,14.0,257.0,2475,584.0
258,2016-09-15,423.0,212.0,232.0,425.0,37.0,198.0,208.0,149.0,119.0,12.0,252.0,2579,694.0
259,2016-09-16,884.0,550.0,583.0,1077.0,125.0,367.0,397.0,298.0,346.0,47.0,703.0,5351,1135.0
260,2016-09-17,1009.0,953.0,712.0,960.0,44.0,371.0,495.0,286.0,309.0,44.0,890.0,3496,1110.0
261,2016-09-18,728.0,711.0,498.0,682.0,193.0,262.0,454.0,138.0,289.0,20.0,392.0,2878,882.0
262,2016-09-19,323.0,206.0,215.0,301.0,72.0,113.0,129.0,199.0,151.0,18.0,123.0,1665,439.0
263,2016-09-20,296.0,221.0,298.0,209.0,42.0,107.0,95.0,137.0,133.0,14.0,226.0,1874,489.0
264,2016-09-21,974.0,592.0,544.0,666.0,168.0,492.0,389.0,366.0,272.0,16.0,479.0,3990,1099.0
265,2016-09-22,371.0,276.0,200.0,404.0,48.0,150.0,340.0,112.0,167.0,12.0,235.0,1869,446.0
266,2016-09-23,886.0,593.0,525.0,696.0,94.0,305.0,496.0,250.0,315.0,39.0,614.0,4266,1253.0
267,2016-09-24,1351.0,775.0,702.0,873.0,57.0,476.0,532.0,256.0,394.0,56.0,994.0,4408,1197.0
268,2016-09-25,313.0,302.0,196.0,349.0,56.0,153.0,100.0,93.0,161.0,38.0,215.0,1953,597.0
269,2016-09-26,324.0,222.0,351.0,253.0,32.0,208.0,146.0,98.0,320.0,10.0,202.0,2375,476.0
270,2016-09-27,524.0,323.0,264.0,318.0,33.0,193.0,220.0,236.0,165.0,,280.0,2371,707.0
271,2016-09-28,518.0,258.0,313.0,409.0,47.0,224.0,221.0,250.0,345.0,7.0,262.0,3674,602.0
272,2016-09-29,521.0,442.0,344.0,480.0,44.0,225.0,261.0,120.0,199.0,27.0,292.0,3237,645.0
273,2016-09-30,1196.0,712.0,675.0,1117.0,74.0,549.0,579.0,351.0,447.0,31.0,943.0,8765,1617.0
274,2016-10-01,956.0,613.0,696.0,670.0,87.0,452.0,450.0,150.0,298.0,24.0,680.0,3587,1013.0
275,2016-10-02,406.0,270.0,115.0,321.0,34.0,71.0,196.0,158.0,183.0,,206.0,1766,445.0
276,2016-10-03,200.0,167.0,154.0,143.0,22.0,124.0,111.0,190.0,101.0,,110.0,1950,423.0
277,2016-10-04,227.0,116.0,184.0,224.0,33.0,132.0,124.0,38.0,100.0,17.0,128.0,1994,344.0
278,2016-10-05,331.0,217.0,357.0,377.0,40.0,136.0,217.0,180.0,124.0,14.0,216.0,2290,657.0
279,2016-10-06,253.0,257.0,344.0,305.0,55.0,132.0,114.0,152.0,129.0,24.0,242.0,2508,553.0
280,2016-10-07,881.0,588.0,611.0,951.0,152.0,419.0,356.0,251.0,352.0,27.0,702.0,6017,1558.0
281,2016-10-08,1025.0,908.0,849.0,839.0,56.0,242.0,571.0,212.0,236.0,43.0,714.0,3779,982.0
282,2016-10-09,886.0,589.0,487.0,629.0,83.0,263.0,493.0,166.0,225.0,29.0,410.0,3032,884.0
283,2016-10-10,330.0,239.0,359.0,310.0,39.0,112.0,108.0,87.0,125.0,,126.0,1886,369.0
284,2016-10-11,319.0,220.0,339.0,261.0,98.0,172.0,225.0,199.0,147.0,8.0,124.0,2144,468.0
285,2016-10-12,344.0,289.0,174.0,337.0,77.0,117.0,143.0,123.0,181.0,59.0,220.0,2585,574.0
286,2016-10-13,489.0,273.0,284.0,350.0,85.0,147.0,218.0,124.0,91.0,14.0,206.0,2474,599.0
287,2016-10-14,899.0,783.0,750.0,882.0,135.0,474.0,450.0,247.0,311.0,33.0,796.0,6446,1352.0
288,2016-10-15,1093.0,768.0,905.0,818.0,68.0,371.0,570.0,177.0,255.0,41.0,569.0,4185,1302.0
289,2016-10-16,489.0,343.0,343.0,434.0,15.0,144.0,145.0,43.0,177.0,35.0,224.0,2167,539.0
290,2016-10-17,211.0,308.0,242.0,201.0,18.0,119.0,150.0,156.0,137.0,6.0,125.0,1641,386.0
291,2016-10-18,386.0,236.0,376.0,266.0,60.0,209.0,169.0,170.0,123.0,6.0,184.0,1967,395.0
292,2016-10-19,415.0,289.0,240.0,413.0,115.0,154.0,133.0,131.0,187.0,27.0,274.0,3176,749.0
293,2016-10-20,367.0,242.0,202.0,314.0,73.0,164.0,134.0,191.0,171.0,,231.0,2564,736.0
294,2016-10-21,1137.0,938.0,762.0,955.0,185.0,364.0,399.0,273.0,457.0,16.0,830.0,6440,1609.0
295,2016-10-22,1400.0,853.0,828.0,873.0,93.0,392.0,557.0,387.0,557.0,123.0,861.0,5664,1322.0
296,2016-10-23,399.0,208.0,272.0,453.0,31.0,130.0,157.0,149.0,187.0,18.0,201.0,2710,521.0
297,2016-10-24,280.0,166.0,293.0,278.0,68.0,140.0,117.0,71.0,103.0,7.0,109.0,1854,345.0
298,2016-10-25,283.0,251.0,237.0,345.0,54.0,148.0,139.0,64.0,85.0,16.0,204.0,2558,507.0
299,2016-10-26,488.0,398.0,256.0,438.0,78.0,253.0,158.0,159.0,247.0,40.0,214.0,3837,606.0
300,2016-10-27,659.0,465.0,422.0,442.0,131.0,302.0,204.0,291.0,249.0,3.0,344.0,4098,820.0
301,2016-10-28,1678.0,1067.0,1600.0,1471.0,175.0,584.0,691.0,473.0,743.0,23.0,1040.0,8427,1951.0
302,2016-10-29,2051.0,1275.0,1800.0,1292.0,152.0,614.0,910.0,225.0,478.0,39.0,1285.0,6315,1992.0
303,2016-10-30,649.0,388.0,471.0,564.0,28.0,215.0,409.0,126.0,236.0,5.0,414.0,3334,1100.0
304,2016-10-31,564.0,295.0,329.0,371.0,37.0,136.0,246.0,197.0,126.0,3.0,235.0,2628,624.0
305,2016-11-01,390.0,387.0,287.0,284.0,50.0,261.0,120.0,67.0,52.0,,175.0,1976,404.0
306,2016-11-02,1133.0,731.0,881.0,926.0,80.0,301.0,496.0,366.0,301.0,24.0,502.0,5003,1169.0
307,2016-11-03,496.0,354.0,368.0,494.0,50.0,226.0,192.0,88.0,128.0,19.0,202.0,2575,532.0
308,2016-11-04,1024.0,680.0,788.0,763.0,95.0,331.0,407.0,205.0,213.0,73.0,626.0,5115,882.0
309,2016-11-05,1275.0,1117.0,1205.0,1253.0,60.0,637.0,758.0,266.0,432.0,40.0,1010.0,5179,1502.0
310,2016-11-06,453.0,222.0,311.0,561.0,39.0,148.0,100.0,97.0,197.0,4.0,239.0,2637,724.0
311,2016-11-07,438.0,216.0,377.0,322.0,17.0,150.0,193.0,251.0,96.0,,119.0,1663,332.0
312,2016-11-08,387.0,244.0,329.0,314.0,232.0,140.0,144.0,125.0,110.0,,308.0,2555,550.0
313,2016-11-09,555.0,408.0,373.0,427.0,36.0,200.0,109.0,177.0,194.0,4.0,236.0,3133,815.0
314,2016-11-10,570.0,289.0,508.0,2673.0,54.0,291.0,179.0,119.0,158.0,18.0,224.0,3096,667.0
315,2016-11-11,1287.0,835.0,1029.0,1389.0,108.0,557.0,512.0,298.0,516.0,33.0,817.0,6471,1578.0
316,2016-11-12,1431.0,1221.0,1447.0,1121.0,125.0,669.0,820.0,278.0,429.0,55.0,1220.0,5754,1661.0
317,2016-11-13,701.0,474.0,463.0,733.0,46.0,205.0,166.0,134.0,148.0,16.0,350.0,2797,757.0
318,2016-11-14,489.0,261.0,401.0,301.0,27.0,227.0,164.0,73.0,133.0,32.0,117.0,2133,670.0
319,2016-11-15,550.0,310.0,427.0,371.0,61.0,215.0,170.0,189.0,139.0,5.0,228.0,2431,427.0
320,2016-11-16,695.0,370.0,470.0,496.0,44.0,312.0,175.0,204.0,212.0,3.0,359.0,3503,745.0
321,2016-11-17,484.0,328.0,499.0,535.0,81.0,325.0,224.0,166.0,162.0,18.0,386.0,3888,771.0
322,2016-11-18,1328.0,1150.0,1521.0,1100.0,193.0,691.0,560.0,288.0,579.0,33.0,1051.0,7783,1664.0
323,2016-11-19,2057.0,1652.0,1687.0,1323.0,115.0,659.0,863.0,327.0,525.0,79.0,1512.0,6936,1866.0
324,2016-11-20,755.0,352.0,520.0,662.0,40.0,226.0,238.0,94.0,227.0,,400.0,3410,795.0
325,2016-11-21,799.0,247.0,394.0,291.0,40.0,215.0,176.0,69.0,197.0,2.0,184.0,2857,576.0
326,2016-11-22,1745.0,904.0,1326.0,830.0,188.0,515.0,541.0,296.0,510.0,24.0,821.0,6884,1785.0
327,2016-11-23,648.0,438.0,514.0,688.0,54.0,300.0,230.0,180.0,279.0,3.0,397.0,3384,894.0
328,2016-11-24,753.0,344.0,569.0,592.0,72.0,324.0,176.0,168.0,295.0,,247.0,3554,969.0
329,2016-11-25,2020.0,1224.0,1592.0,1443.0,178.0,672.0,979.0,422.0,670.0,32.0,1343.0,9006,2213.0
330,2016-11-26,2554.0,1812.0,2202.0,2201.0,238.0,872.0,1464.0,311.0,723.0,83.0,2203.0,8299,2548.0
331,2016-11-27,594.0,428.0,522.0,776.0,70.0,203.0,208.0,182.0,247.0,36.0,405.0,3795,1178.0
332,2016-11-28,566.0,372.0,480.0,307.0,82.0,207.0,208.0,206.0,240.0,20.0,196.0,2662,600.0
333,2016-11-29,760.0,452.0,520.0,390.0,50.0,268.0,289.0,210.0,279.0,10.0,468.0,3817,927.0
334,2016-11-30,828.0,492.0,442.0,397.0,80.0,269.0,283.0,226.0,196.0,29.0,317.0,5064,915.0
335,2016-12-01,807.0,351.0,398.0,476.0,50.0,213.0,272.0,164.0,288.0,32.0,287.0,3619,868.0
336,2016-12-02,2157.0,1678.0,2053.0,2045.0,229.0,954.0,874.0,568.0,929.0,14.0,1823.0,12168,2682.0
337,2016-12-03,2820.0,2870.0,2886.0,2610.0,226.0,1108.0,1547.0,427.0,773.0,55.0,3658.0,10462,3406.0
338,2016-12-04,603.0,461.0,530.0,876.0,149.0,245.0,219.0,172.0,214.0,,429.0,4007,1021.0
339,2016-12-05,758.0,366.0,444.0,455.0,61.0,344.0,195.0,147.0,163.0,13.0,238.0,3187,779.0
340,2016-12-06,737.0,616.0,458.0,619.0,91.0,286.0,288.0,219.0,380.0,36.0,405.0,3910,921.0
341,2016-12-07,954.0,720.0,771.0,831.0,136.0,302.0,360.0,284.0,497.0,9.0,492.0,6403,1178.0
342,2016-12-08,921.0,676.0,789.0,947.0,79.0,327.0,310.0,274.0,515.0,26.0,515.0,5555,1313.0
343,2016-12-09,4358.0,3667.0,3529.0,4618.0,693.0,1815.0,1661.0,775.0,1962.0,90.0,3145.0,24222,5981.0
344,2016-12-10,5032.0,3885.0,3546.0,4187.0,375.0,2279.0,1813.0,758.0,1376.0,282.0,4947.0,16773,5647.0
345,2016-12-11,1060.0,704.0,555.0,1155.0,83.0,353.0,302.0,226.0,381.0,47.0,613.0,5176,1398.0
346,2016-12-12,861.0,471.0,632.0,662.0,35.0,350.0,383.0,206.0,312.0,,412.0,4897,1114.0
347,2016-12-13,1074.0,791.0,843.0,753.0,116.0,467.0,291.0,525.0,513.0,47.0,621.0,7280,1429.0
348,2016-12-14,1264.0,1019.0,1197.0,1436.0,249.0,540.0,400.0,629.0,955.0,37.0,590.0,11553,1807.0
349,2016-12-15,1387.0,926.0,1231.0,808.0,179.0,645.0,392.0,553.0,825.0,63.0,814.0,11017,1900.0
350,2016-12-16,6532.0,4278.0,5505.0,7492.0,1023.0,3364.0,2028.0,1614.0,3264.0,111.0,5031.0,40106,10590.0
351,2016-12-17,6876.0,4590.0,5448.0,5261.0,459.0,2718.0,2833.0,771.0,1858.0,206.0,5937.0,24013,7158.0
352,2016-12-18,1284.0,778.0,1006.0,1530.0,155.0,449.0,396.0,218.0,799.0,22.0,772.0,7255,1855.0
353,2016-12-19,1267.0,774.0,801.0,997.0,109.0,587.0,337.0,460.0,575.0,30.0,378.0,9291,1728.0
354,2016-12-20,1419.0,845.0,1293.0,1303.0,117.0,658.0,474.0,743.0,1009.0,74.0,863.0,12342,2332.0
355,2016-12-21,2046.0,1260.0,1477.0,1757.0,241.0,905.0,787.0,614.0,1073.0,15.0,1033.0,18846,3306.0
356,2016-12-22,7761.0,4637.0,5662.0,5456.0,1020.0,3013.0,2675.0,1437.0,3490.0,80.0,3577.0,36646,9213.0
357,2016-12-23,2559.0,1821.0,1862.0,2281.0,322.0,1218.0,907.0,301.0,983.0,83.0,1497.0,10846,2799.0
358,2016-12-24,2875.0,2029.0,2305.0,2600.0,124.0,1453.0,859.0,253.0,975.0,3.0,1288.0,8689,2555.0
359,2016-12-25,1536.0,936.0,1187.0,1512.0,69.0,599.0,321.0,156.0,715.0,19.0,644.0,5919,1931.0
360,2016-12-26,1839.0,854.0,1643.0,1505.0,251.0,617.0,443.0,542.0,933.0,14.0,766.0,11608,2762.0
361,2016-12-27,2217.0,1296.0,2070.0,1593.0,331.0,890.0,641.0,484.0,1238.0,58.0,1247.0,12969,2847.0
362,2016-12-28,3512.0,2423.0,3271.0,3051.0,326.0,1499.0,1188.0,613.0,1633.0,55.0,2536.0,14163,4866.0
363,2016-12-29,3909.0,2443.0,3629.0,3982.0,362.0,1507.0,2113.0,543.0,2468.0,83.0,3716.0,11980,5474.0
364,2016-12-30,3667.0,2605.0,3157.0,3046.0,279.0,1688.0,2400.0,316.0,2364.0,98.0,3720.0,9509,4580.0
365,2016-12-31,956.0,505.0,501.0,865.0,51.0,336.0,371.0,107.0,291.0,15.0,528.0,2502,1053.0
366,2017-01-01,368.0,431.0,575.0,708.0,33.0,210.0,274.0,90.0,231.0,40.0,353.0,1473,871.0
367,2017-01-02,1262.0,1355.0,1954.0,1298.0,114.0,677.0,1234.0,179.0,345.0,68.0,1405.0,3063,1705.0
368,2017-01-03,1094.0,904.0,979.0,982.0,154.0,336.0,649.0,146.0,323.0,15.0,973.0,2856,1183.0
369,2017-01-04,797.0,403.0,851.0,649.0,16.0,263.0,206.0,116.0,262.0,4.0,532.0,3066,715.0
370,2017-01-05,626.0,390.0,717.0,884.0,40.0,246.0,229.0,145.0,191.0,3.0,313.0,3389,777.0
371,2017-01-06,1598.0,796.0,1341.0,1163.0,174.0,501.0,773.0,229.0,442.0,29.0,578.0,6078,1534.0
372,2017-01-07,1584.0,1327.0,1665.0,1304.0,87.0,668.0,763.0,240.0,600.0,18.0,1135.0,5372,1703.0
373,2017-01-08,1680.0,927.0,1208.0,1187.0,87.0,494.0,559.0,197.0,709.0,,1000.0,4122,1377.0
374,2017-01-09,602.0,479.0,551.0,916.0,85.0,189.0,242.0,147.0,272.0,11.0,248.0,3490,1024.0
375,2017-01-10,521.0,441.0,511.0,486.0,54.0,170.0,215.0,133.0,172.0,9.0,261.0,2667,733.0
376,2017-01-11,651.0,384.0,489.0,535.0,45.0,253.0,172.0,175.0,170.0,,343.0,3978,704.0
377,2017-01-12,613.0,365.0,593.0,722.0,81.0,235.0,225.0,269.0,369.0,11.0,301.0,4291,1015.0
378,2017-01-13,1994.0,1090.0,1713.0,1580.0,154.0,632.0,625.0,490.0,756.0,45.0,1201.0,10060,2194.0
379,2017-01-14,1876.0,1370.0,2133.0,1640.0,161.0,911.0,837.0,249.0,614.0,36.0,1452.0,8150,2526.0
380,2017-01-15,679.0,371.0,544.0,560.0,156.0,154.0,95.0,73.0,377.0,28.0,333.0,3536,1000.0
381,2017-01-16,579.0,327.0,430.0,387.0,77.0,309.0,206.0,215.0,115.0,8.0,268.0,3045,557.0
382,2017-01-17,709.0,448.0,457.0,539.0,76.0,215.0,212.0,140.0,180.0,,398.0,3511,819.0
383,2017-01-18,969.0,2037.0,571.0,527.0,55.0,357.0,273.0,194.0,316.0,,316.0,4630,922.0
384,2017-01-19,710.0,453.0,700.0,578.0,127.0,231.0,252.0,191.0,272.0,19.0,261.0,4768,762.0
385,2017-01-20,1934.0,1400.0,2022.0,1724.0,255.0,676.0,953.0,478.0,824.0,30.0,1550.0,10720,2544.0
386,2017-01-21,2325.0,1785.0,2430.0,2137.0,181.0,1040.0,1267.0,337.0,650.0,42.0,1687.0,9092,2720.0
387,2017-01-22,703.0,451.0,454.0,784.0,77.0,222.0,225.0,102.0,351.0,,390.0,3507,832.0
388,2017-01-23,736.0,366.0,549.0,468.0,90.0,198.0,301.0,196.0,307.0,2.0,139.0,2835,663.0
389,2017-01-24,692.0,524.0,561.0,477.0,110.0,204.0,204.0,227.0,175.0,19.0,386.0,3782,828.0
390,2017-01-25,957.0,543.0,780.0,827.0,57.0,426.0,275.0,338.0,326.0,2.0,334.0,5313,1005.0
391,2017-01-26,1059.0,654.0,697.0,828.0,62.0,276.0,194.0,195.0,433.0,,356.0,4950,1047.0
392,2017-01-27,2741.0,1515.0,2087.0,2235.0,262.0,880.0,919.0,574.0,1018.0,33.0,1355.0,13368,3054.0
393,2017-01-28,2617.0,2159.0,2494.0,2076.0,154.0,1143.0,1115.0,423.0,912.0,89.0,2282.0,9561,2907.0
394,2017-01-29,797.0,469.0,496.0,907.0,81.0,166.0,205.0,196.0,421.0,20.0,341.0,4385,1104.0
395,2017-01-30,588.0,394.0,501.0,509.0,59.0,207.0,213.0,193.0,197.0,5.0,289.0,3403,518.0
396,2017-01-31,755.0,446.0,648.0,542.0,95.0,301.0,242.0,102.0,248.0,15.0,383.0,4462,723.0
397,2017-02-01,638.0,335.0,502.0,444.0,53.0,298.0,225.0,105.0,241.0,3.0,235.0,3862,745.0
398,2017-02-02,614.0,326.0,496.0,409.0,55.0,271.0,183.0,129.0,205.0,,282.0,3332,711.0
399,2017-02-03,1467.0,1082.0,1494.0,1198.0,131.0,571.0,1223.0,347.0,645.0,2.0,842.0,8292,1845.0
400,2017-02-04,1936.0,1496.0,1659.0,1836.0,236.0,770.0,1524.0,282.0,552.0,32.0,1418.0,7334,2375.0
401,2017-02-05,680.0,391.0,396.0,680.0,45.0,171.0,1836.0,99.0,211.0,14.0,337.0,3516,814.0
402,2017-02-06,530.0,262.0,359.0,404.0,56.0,168.0,174.0,131.0,208.0,3.0,155.0,2548,693.0
403,2017-02-07,609.0,459.0,444.0,443.0,61.0,352.0,750.0,133.0,255.0,8.0,244.0,3407,764.0
404,2017-02-08,724.0,542.0,646.0,661.0,118.0,357.0,194.0,187.0,192.0,9.0,275.0,4505,923.0
405,2017-02-09,727.0,503.0,586.0,759.0,52.0,397.0,305.0,174.0,322.0,27.0,278.0,4239,894.0
406,2017-02-10,2078.0,1595.0,2089.0,1723.0,220.0,774.0,837.0,347.0,811.0,17.0,1048.0,10180,2309.0
407,2017-02-11,2071.0,1480.0,1727.0,1958.0,171.0,905.0,993.0,289.0,503.0,43.0,1488.0,7432,2342.0
408,2017-02-12,562.0,533.0,533.0,776.0,139.0,238.0,192.0,188.0,278.0,15.0,301.0,3681,1006.0
409,2017-02-13,590.0,315.0,518.0,365.0,11.0,306.0,256.0,128.0,197.0,,232.0,2551,598.0
410,2017-02-14,599.0,493.0,557.0,379.0,62.0,211.0,172.0,131.0,184.0,8.0,214.0,2731,672.0
411,2017-02-15,845.0,591.0,640.0,874.0,72.0,403.0,299.0,237.0,294.0,4.0,417.0,4750,1087.0
412,2017-02-16,780.0,461.0,662.0,730.0,92.0,304.0,286.0,218.0,268.0,52.0,347.0,4699,1066.0
413,2017-02-17,2043.0,1404.0,2029.0,1615.0,271.0,1050.0,728.0,364.0,793.0,22.0,1131.0,10075,2385.0
414,2017-02-18,2799.0,1804.0,2221.0,1769.0,159.0,972.0,946.0,433.0,768.0,37.0,1579.0,8891,2649.0
415,2017-02-19,1003.0,465.0,635.0,781.0,45.0,320.0,313.0,149.0,411.0,8.0,470.0,4339,1156.0
416,2017-02-20,733.0,424.0,553.0,625.0,43.0,243.0,216.0,155.0,232.0,40.0,289.0,3369,683.0
417,2017-02-21,768.0,467.0,582.0,649.0,35.0,286.0,249.0,245.0,328.0,14.0,326.0,4321,740.0
418,2017-02-22,1024.0,613.0,516.0,773.0,124.0,445.0,285.0,313.0,378.0,,489.0,5217,1176.0
419,2017-02-23,859.0,500.0,707.0,601.0,115.0,362.0,234.0,217.0,373.0,,396.0,5232,1128.0
420,2017-02-24,2303.0,1490.0,2349.0,2016.0,308.0,844.0,924.0,404.0,955.0,45.0,1531.0,11797,3238.0
421,2017-02-25,2737.0,2004.0,2938.0,2041.0,166.0,1019.0,1064.0,405.0,1010.0,15.0,1926.0,8967,2625.0
422,2017-02-26,941.0,588.0,611.0,1027.0,82.0,300.0,282.0,196.0,288.0,13.0,521.0,4962,1204.0
423,2017-02-27,867.0,455.0,660.0,553.0,88.0,264.0,209.0,143.0,288.0,21.0,367.0,4046,855.0
424,2017-02-28,836.0,479.0,819.0,630.0,162.0,308.0,308.0,209.0,257.0,26.0,388.0,4834,1064.0
425,2017-03-01,832.0,503.0,752.0,689.0,74.0,353.0,194.0,145.0,305.0,3.0,383.0,3417,821.0
426,2017-03-02,712.0,388.0,676.0,467.0,64.0,279.0,284.0,145.0,229.0,14.0,295.0,4126,1010.0
427,2017-03-03,2007.0,1231.0,1376.0,1227.0,141.0,682.0,885.0,417.0,583.0,33.0,904.0,9032,1775.0
428,2017-03-04,2283.0,1367.0,2199.0,1732.0,177.0,741.0,983.0,405.0,694.0,63.0,1404.0,8158,2159.0
429,2017-03-05,851.0,630.0,789.0,832.0,108.0,272.0,210.0,104.0,370.0,21.0,379.0,4083,936.0
430,2017-03-06,762.0,303.0,581.0,504.0,66.0,233.0,235.0,194.0,203.0,3.0,257.0,3300,579.0
431,2017-03-07,726.0,603.0,730.0,535.0,48.0,391.0,306.0,125.0,286.0,5.0,253.0,3898,938.0
432,2017-03-08,1020.0,635.0,811.0,780.0,94.0,335.0,285.0,161.0,329.0,19.0,336.0,4955,1284.0
433,2017-03-09,927.0,592.0,1072.0,686.0,54.0,405.0,348.0,343.0,359.0,29.0,411.0,5398,1024.0
434,2017-03-10,2739.0,1697.0,2620.0,2237.0,286.0,937.0,995.0,418.0,900.0,54.0,1368.0,11923,2643.0
435,2017-03-11,2997.0,1746.0,2471.0,2023.0,294.0,1040.0,1312.0,539.0,812.0,149.0,1670.0,9285,2604.0
436,2017-03-12,1215.0,661.0,712.0,1114.0,113.0,397.0,264.0,217.0,372.0,28.0,553.0,5122,1221.0
437,2017-03-13,999.0,488.0,955.0,607.0,71.0,467.0,298.0,200.0,285.0,22.0,333.0,3984,1256.0
438,2017-03-14,1102.0,627.0,1205.0,682.0,121.0,376.0,282.0,202.0,268.0,,526.0,4823,1166.0
439,2017-03-15,1305.0,918.0,1326.0,1048.0,134.0,533.0,446.0,242.0,635.0,74.0,755.0,7146,1691.0
440,2017-03-16,1381.0,716.0,1164.0,1285.0,295.0,507.0,347.0,375.0,505.0,36.0,463.0,6990,1455.0
441,2017-03-17,3063.0,1965.0,3588.0,3094.0,327.0,1388.0,1093.0,601.0,892.0,11.0,2070.0,14357,3798.0
442,2017-03-18,2747.0,1751.0,3088.0,2441.0,258.0,1150.0,1120.0,400.0,912.0,160.0,1855.0,11360,3173.0
443,2017-03-19,2353.0,1689.0,2255.0,1797.0,229.0,713.0,887.0,212.0,776.0,79.0,894.0,8143,2256.0
444,2017-03-20,1180.0,700.0,913.0,1141.0,96.0,409.0,372.0,141.0,426.0,4.0,411.0,5667,1279.0
445,2017-03-21,1587.0,645.0,983.0,1109.0,114.0,492.0,334.0,485.0,475.0,16.0,640.0,5638,1277.0
446,2017-03-22,1628.0,1005.0,1389.0,1477.0,172.0,674.0,509.0,469.0,844.0,34.0,828.0,9101,2043.0
447,2017-03-23,1442.0,880.0,1661.0,1403.0,249.0,553.0,740.0,410.0,526.0,29.0,803.0,8407,1658.0
448,2017-03-24,4210.0,2863.0,4370.0,4104.0,515.0,2173.0,1846.0,771.0,1985.0,153.0,2359.0,20948,5078.0
449,2017-03-25,3570.0,2273.0,3179.0,2696.0,323.0,1474.0,1343.0,410.0,1389.0,233.0,1719.0,12730,3427.0
450,2017-03-26,1424.0,735.0,828.0,1352.0,121.0,492.0,420.0,131.0,529.0,26.0,559.0,7217,1674.0
451,2017-03-27,1463.0,664.0,1449.0,1060.0,221.0,556.0,579.0,359.0,490.0,35.0,498.0,7135,1740.0
452,2017-03-28,1511.0,1038.0,1345.0,1098.0,127.0,552.0,554.0,399.0,519.0,39.0,754.0,8707,1728.0
453,2017-03-29,1928.0,971.0,1403.0,1981.0,360.0,681.0,848.0,501.0,705.0,14.0,1049.0,11716,2190.0
454,2017-03-30,1504.0,1057.0,1100.0,1123.0,211.0,540.0,486.0,324.0,838.0,33.0,624.0,10737,1769.0
455,2017-03-31,3116.0,1671.0,2581.0,2930.0,687.0,1196.0,861.0,887.0,1090.0,77.0,1565.0,19594,3842.0
456,2017-04-01,2045.0,1561.0,2050.0,1499.0,226.0,681.0,932.0,233.0,525.0,66.0,1334.0,7874,2017.0
457,2017-04-02,725.0,502.0,578.0,972.0,61.0,231.0,214.0,187.0,266.0,25.0,342.0,3586,920.0
458,2017-04-03,934.0,472.0,873.0,673.0,132.0,406.0,301.0,302.0,225.0,3.0,292.0,5503,1246.0
459,2017-04-04,643.0,387.0,767.0,575.0,136.0,296.0,235.0,151.0,216.0,16.0,255.0,4331,1132.0
460,2017-04-05,1032.0,523.0,682.0,777.0,51.0,296.0,208.0,233.0,254.0,10.0,321.0,5605,1115.0
461,2017-04-06,884.0,374.0,778.0,673.0,58.0,319.0,252.0,260.0,508.0,3.0,375.0,5399,1255.0
462,2017-04-07,2566.0,1422.0,2699.0,2088.0,550.0,977.0,1065.0,509.0,776.0,34.0,1475.0,12897,2906.0
463,2017-04-08,2282.0,1640.0,2135.0,1568.0,257.0,575.0,848.0,330.0,755.0,28.0,1521.0,7993,1953.0
464,2017-04-09,755.0,362.0,548.0,792.0,42.0,167.0,228.0,202.0,345.0,22.0,386.0,4586,1032.0
465,2017-04-10,615.0,359.0,508.0,595.0,27.0,322.0,306.0,228.0,303.0,4.0,309.0,4064,946.0
466,2017-04-11,731.0,457.0,585.0,653.0,142.0,264.0,185.0,258.0,207.0,4.0,446.0,4203,1017.0
467,2017-04-12,986.0,693.0,766.0,839.0,229.0,466.0,293.0,291.0,336.0,14.0,497.0,6537,1218.0
468,2017-04-13,852.0,640.0,739.0,887.0,114.0,408.0,254.0,152.0,392.0,6.0,406.0,6482,1153.0
469,2017-04-14,3253.0,2565.0,2692.0,2678.0,426.0,1249.0,1018.0,880.0,1082.0,35.0,2123.0,16145,3606.0
470,2017-04-15,2658.0,1965.0,2673.0,1968.0,218.0,924.0,923.0,305.0,724.0,76.0,2018.0,9399,2312.0
471,2017-04-16,857.0,544.0,543.0,969.0,95.0,306.0,291.0,143.0,397.0,9.0,390.0,4529,1238.0
472,2017-04-17,815.0,404.0,625.0,601.0,125.0,260.0,234.0,164.0,209.0,9.0,337.0,3950,1081.0
473,2017-04-18,899.0,546.0,979.0,675.0,90.0,261.0,387.0,318.0,260.0,38.0,467.0,5169,1094.0
474,2017-04-19,1170.0,793.0,1068.0,1037.0,143.0,515.0,349.0,312.0,441.0,29.0,597.0,7472,1445.0
475,2017-04-20,1214.0,561.0,876.0,738.0,262.0,411.0,319.0,171.0,484.0,23.0,568.0,6637,1751.0
476,2017-04-21,3434.0,2033.0,3400.0,3648.0,507.0,1402.0,1418.0,642.0,1349.0,29.0,1965.0,17859,4076.0
477,2017-04-22,3125.0,2089.0,2477.0,2071.0,196.0,1332.0,1136.0,277.0,768.0,30.0,1929.0,10628,2767.0
478,2017-04-23,811.0,590.0,430.0,963.0,64.0,183.0,282.0,107.0,332.0,53.0,393.0,3937,1352.0
479,2017-04-24,700.0,478.0,615.0,578.0,164.0,296.0,224.0,152.0,173.0,,255.0,4278,754.0
480,2017-04-25,863.0,291.0,613.0,524.0,54.0,298.0,250.0,276.0,312.0,12.0,324.0,4083,731.0
481,2017-04-26,772.0,529.0,525.0,753.0,174.0,242.0,268.0,212.0,233.0,,390.0,5786,1194.0
482,2017-04-27,734.0,295.0,604.0,825.0,172.0,278.0,242.0,225.0,224.0,27.0,183.0,4235,1074.0
483,2017-04-28,2378.0,1181.0,1785.0,1985.0,198.0,607.0,1033.0,535.0,637.0,114.0,1161.0,9032,2386.0
484,2017-04-29,1234.0,738.0,788.0,859.0,92.0,323.0,522.0,151.0,360.0,32.0,836.0,3583,1294.0
485,2017-04-30,306.0,301.0,189.0,371.0,16.0,89.0,84.0,22.0,167.0,,160.0,1352,391.0
486,2017-05-01,188.0,110.0,165.0,155.0,16.0,78.0,66.0,16.0,79.0,,140.0,635,184.0
487,2017-05-02,449.0,245.0,280.0,399.0,15.0,96.0,196.0,59.0,185.0,,394.0,1158,475.0
488,2017-05-03,630.0,239.0,214.0,428.0,37.0,94.0,290.0,33.0,115.0,5.0,195.0,1141,457.0
489,2017-05-04,412.0,95.0,191.0,407.0,29.0,98.0,77.0,119.0,90.0,,237.0,708,331.0
490,2017-05-05,279.0,125.0,154.0,228.0,4.0,38.0,139.0,33.0,63.0,5.0,101.0,634,337.0
491,2017-05-06,210.0,189.0,115.0,257.0,,142.0,130.0,19.0,101.0,,221.0,925,252.0
492,2017-05-07,31.0,23.0,38.0,80.0,,10.0,78.0,36.0,26.0,3.0,25.0,411,66.0
493,2017-05-08,6.0,44.0,168.0,520.0,,45.0,28.0,,16.0,,33.0,472,154.0
494,2017-05-09,79.0,35.0,25.0,182.0,9.0,30.0,22.0,34.0,39.0,,87.0,512,105.0
495,2017-05-10,61.0,54.0,58.0,84.0,2.0,34.0,21.0,31.0,20.0,,118.0,951,138.0
496,2017-05-11,30.0,118.0,44.0,26.0,,101.0,19.0,6.0,14.0,,44.0,556,203.0
497,2017-05-12,290.0,169.0,187.0,494.0,28.0,160.0,174.0,21.0,120.0,,384.0,1687,305.0
498,2017-05-13,503.0,135.0,163.0,190.0,33.0,120.0,198.0,39.0,75.0,5.0,361.0,1161,572.0
499,2017-05-14,35.0,138.0,2.0,72.0,35.0,16.0,28.0,3.0,,,23.0,267,156.0
500,2017-05-15,13.0,51.0,27.0,95.0,,15.0,,,17.0,,28.0,230,54.0
501,2017-05-17,48.0,52.0,28.0,55.0,,8.0,7.0,80.0,19.0,,70.0,239,88.0
502,2017-05-18,41.0,6.0,29.0,36.0,,7.0,20.0,,10.0,,30.0,357,34.0
503,2017-05-19,155.0,183.0,87.0,162.0,,32.0,97.0,4.0,68.0,,126.0,910,185.0
504,2017-05-20,275.0,141.0,47.0,229.0,,41.0,30.0,32.0,140.0,,202.0,529,292.0
505,2017-05-21,2.0,62.0,8.0,80.0,15.0,2.0,31.0,15.0,29.0,,24.0,461,51.0
506,2017-05-22,3.0,,10.0,16.0,,,9.0,,,,6.0,45,50.0
507,2017-05-23,12.0,2.0,,12.0,,11.0,,,,,3.0,78,
508,2017-05-24,7.0,61.0,21.0,28.0,15.0,,,3.0,23.0,,,188,2.0
509,2017-05-26,131.0,109.0,163.0,33.0,,25.0,3.0,34.0,32.0,10.0,137.0,451,90.0
510,2017-05-27,51.0,54.0,197.0,217.0,12.0,91.0,52.0,11.0,69.0,,81.0,545,244.0
511,2017-05-28,90.0,48.0,25.0,70.0,8.0,,,,33.0,,63.0,89,36.0
512,2017-05-30,4.0,,,4.0,,4.0,20.0,,,,,29,
513,2017-05-31,30.0,32.0,20.0,69.0,,,,30.0,,,,127,29.0
514,2017-05-16,,35.0,158.0,19.0,,,8.0,20.0,9.0,,49.0,412,73.0
515,2017-05-25,,,27.0,9.0,,,,2.0,2.0,,,170,3.0
516,2017-05-29,,,,,,,,,4.0,,,81,14.0
