time,bar,dining bar,izakaya,spain bar/italian bar,western food,sweet,creation,creative japanese,grilled meat,international cuisine,italian and franch,japanese cuisine/kaiseki,japanese food in general,japanese style,japanese food,shabu-shabu/sukiyaki,amusement,korean cuisine,okonomiyaki/monja/teppanyaki,seafood,other,asian
2016/1/1,0,2,0,1,0,0,2,0,7,9,3,1,2,29,1,1,0,0,1,7,0,0
2016/1/10,4,2,11,32,12,6,66,18,77,102,69,7,21,282,3,14,6,7,10,36,0,14
2016/1/11,6,3,7,27,9,5,51,9,51,79,43,5,8,149,1,10,9,7,9,23,0,6
2016/1/12,2,3,11,23,3,1,30,10,32,52,28,8,10,144,5,7,5,8,5,23,0,7
2016/1/13,4,2,11,29,3,2,47,7,32,63,47,11,7,184,6,11,9,6,6,35,0,11
2016/1/14,4,2,9,35,5,2,40,6,45,62,40,9,12,199,7,10,5,10,6,31,0,9
2016/1/15,9,4,19,48,10,6,101,24,90,148,87,11,27,495,6,21,11,19,12,73,0,29
2016/1/16,10,3,12,50,15,7,124,22,84,156,98,14,31,472,7,21,17,17,17,74,0,22
2016/1/17,5,1,8,26,10,7,48,9,59,81,51,7,14,180,3,11,13,5,6,27,0,10
2016/1/18,0,2,12,14,7,7,33,6,33,45,33,6,8,168,5,10,4,2,4,29,0,16
2016/1/19,2,3,12,22,2,2,36,9,39,74,45,13,12,208,6,10,6,6,6,28,0,12
2016/1/2,3,1,2,10,2,1,35,5,26,39,18,1,4,109,2,2,1,3,4,21,0,3
2016/1/20,4,1,16,44,5,3,53,13,51,91,48,5,19,252,7,12,7,12,9,30,0,12
2016/1/21,5,3,13,27,7,4,56,10,44,79,51,6,19,217,6,14,4,7,7,50,0,17
2016/1/22,12,5,14,56,9,8,129,22,95,155,86,14,27,555,7,22,11,11,16,95,0,25
2016/1/23,13,5,16,62,12,10,149,17,80,163,99,14,32,523,6,18,20,18,12,77,0,25
2016/1/24,3,3,9,24,7,4,41,14,53,73,54,8,16,172,1,12,11,9,13,31,0,16
2016/1/25,4,3,11,19,7,6,35,3,40,64,39,7,6,199,7,6,4,11,8,26,0,7
2016/1/26,4,4,14,24,6,4,49,7,35,65,40,8,16,212,6,10,4,10,6,30,0,13
2016/1/27,7,1,9,32,6,3,64,11,54,92,64,13,18,271,7,10,10,13,13,49,0,16
2016/1/28,3,4,16,24,9,3,60,7,54,81,59,9,19,272,8,8,6,13,11,28,0,12
2016/1/29,10,3,17,66,11,5,126,23,109,190,108,19,34,568,6,21,15,22,16,91,0,31
2016/1/3,2,1,2,20,3,2,38,3,31,54,19,4,6,114,0,3,1,3,3,26,0,3
2016/1/30,8,3,15,60,17,8,136,23,101,163,104,14,27,550,7,27,23,18,13,104,0,20
2016/1/31,5,2,7,30,15,7,46,11,73,89,54,9,10,198,0,10,12,8,11,32,0,13
2016/1/4,1,0,8,15,5,2,25,6,29,44,18,2,5,99,1,6,1,5,4,19,0,4
2016/1/5,2,0,6,18,4,3,26,9,18,44,29,4,8,85,3,2,3,1,3,14,0,2
2016/1/6,2,2,7,24,5,0,25,2,29,45,41,3,10,126,2,2,3,7,6,19,0,9
2016/1/7,1,0,13,24,2,1,32,7,16,39,34,8,9,131,2,3,1,7,4,15,0,11
2016/1/8,10,3,15,39,9,3,83,12,62,102,56,6,22,335,6,14,10,13,5,63,0,17
2016/1/9,11,4,15,43,9,6,101,14,66,126,68,11,28,336,6,13,10,9,14,63,0,16
2016/10/1,7,0,0,77,17,5,116,22,132,175,106,22,27,499,0,24,19,13,16,101,0,26
2016/10/10,3,0,0,42,13,6,47,14,90,124,68,10,15,205,0,13,13,12,13,37,0,17
2016/10/11,4,0,0,40,9,5,54,13,72,105,57,7,17,238,0,15,7,14,8,51,0,15
2016/10/12,4,0,0,40,10,5,71,10,59,109,64,11,19,321,0,16,9,7,8,53,0,17
2016/10/13,6,0,0,38,7,4,74,6,63,127,57,10,23,304,0,11,4,13,7,51,0,17
2016/10/14,8,0,0,82,12,6,136,25,115,211,116,23,32,646,0,30,13,15,18,124,0,37
2016/10/15,13,0,0,85,19,10,149,19,127,205,105,16,33,581,0,23,21,17,10,97,0,32
2016/10/16,5,0,0,36,11,9,56,12,96,118,71,12,17,250,0,19,16,6,13,47,0,23
2016/10/17,5,0,0,32,10,4,50,11,55,80,53,8,15,213,0,12,7,9,8,39,0,9
2016/10/18,7,0,0,43,6,5,52,17,53,97,57,13,15,266,0,9,9,11,4,45,0,18
2016/10/19,6,0,0,40,8,9,71,14,72,123,90,19,17,345,0,16,16,7,8,53,0,21
2016/10/2,7,0,0,43,14,5,46,11,85,95,70,16,9,212,0,10,18,10,12,34,0,21
2016/10/20,2,0,0,43,8,5,70,14,71,117,64,14,27,317,0,17,7,10,10,50,0,15
2016/10/21,10,0,0,93,17,11,145,23,134,240,118,18,28,681,0,30,19,19,20,121,0,36
2016/10/22,11,0,0,94,22,12,148,33,156,237,120,22,34,630,0,28,31,19,22,118,0,33
2016/10/23,7,0,0,41,10,8,56,12,96,121,74,19,13,277,0,21,15,10,17,43,0,15
2016/10/24,3,0,0,40,7,6,33,9,42,96,47,8,9,220,0,16,9,6,5,31,0,11
2016/10/25,2,0,0,52,10,3,59,12,73,102,58,12,13,290,0,20,6,13,5,46,0,21
2016/10/26,5,0,1,50,9,5,86,13,85,125,78,8,18,343,0,17,12,14,11,66,0,28
2016/10/27,3,18,41,47,14,9,73,22,78,149,105,12,22,392,16,19,10,17,16,73,2,21
2016/10/28,19,22,51,97,21,18,160,27,145,274,173,29,37,745,17,35,21,31,27,154,2,29
2016/10/29,15,20,52,90,22,18,168,29,166,257,157,25,31,667,13,36,32,34,28,115,2,33
2016/10/3,0,0,0,28,2,3,35,8,44,69,48,6,12,204,0,11,10,7,4,29,0,18
2016/10/30,8,9,26,56,15,16,76,11,109,159,108,19,18,286,10,18,23,17,20,46,1,17
2016/10/31,8,10,31,46,15,13,61,12,69,124,93,10,11,253,4,16,16,14,13,40,0,19
2016/10/4,3,0,0,36,8,5,46,14,46,83,50,5,15,188,0,12,5,9,9,48,0,11
2016/10/5,8,0,0,34,10,4,61,15,52,109,65,8,22,261,0,11,9,9,6,49,0,18
2016/10/6,5,0,0,40,8,7,51,18,60,125,60,14,17,286,0,16,7,12,15,39,0,16
2016/10/7,10,0,0,90,16,6,128,25,126,216,98,13,34,621,0,26,21,15,17,106,0,33
2016/10/8,10,0,0,76,14,9,132,23,141,185,99,18,32,530,0,29,29,23,18,90,0,22
2016/10/9,7,0,0,72,14,9,113,23,128,171,93,21,26,418,0,20,24,19,17,85,0,24
2016/11/1,7,8,31,36,10,10,41,10,49,84,73,8,28,219,10,17,6,8,12,35,2,17
2016/11/10,7,16,43,50,12,10,58,15,68,125,102,17,23,350,14,21,8,15,12,59,1,14
2016/11/11,10,21,54,81,22,17,134,26,138,219,146,20,39,653,15,28,21,28,22,124,2,34
2016/11/12,13,23,49,89,24,18,156,31,148,236,147,32,34,647,15,35,30,26,20,119,2,38
2016/11/13,4,9,33,43,12,18,63,14,96,98,111,22,26,276,9,14,23,18,15,58,1,22
2016/11/14,4,13,31,49,14,8,50,9,56,86,67,13,20,274,12,12,5,12,9,38,0,7
2016/11/15,5,9,39,40,11,8,89,13,65,133,83,14,14,295,12,14,11,22,12,44,1,8
2016/11/16,4,15,42,55,13,12,80,14,82,128,118,14,21,388,13,21,7,12,15,59,1,18
2016/11/17,11,17,43,53,17,12,70,11,86,138,103,17,26,365,13,20,9,24,13,68,2,19
2016/11/18,12,19,54,85,22,17,176,30,138,265,160,33,38,746,16,39,25,30,21,133,2,24
2016/11/19,17,22,51,88,27,21,181,35,158,263,169,25,45,714,17,35,32,27,26,130,2,39
2016/11/2,13,16,53,80,22,16,128,23,109,173,114,13,34,522,14,26,18,32,18,87,2,30
2016/11/20,4,9,39,57,14,12,78,17,103,140,111,24,19,291,9,24,25,22,15,56,1,19
2016/11/21,9,12,32,38,13,15,55,12,60,110,82,14,16,315,12,17,8,19,14,36,0,13
2016/11/22,16,19,57,91,26,16,153,25,138,238,154,27,40,713,16,33,26,25,17,129,2,35
2016/11/23,9,10,33,53,17,18,79,22,112,148,130,17,25,356,11,27,29,24,19,64,1,23
2016/11/24,7,13,45,43,17,11,76,13,83,137,101,15,20,372,16,25,7,12,18,70,2,22
2016/11/25,19,23,64,92,23,14,172,29,156,271,168,28,50,832,20,32,25,28,23,136,3,36
2016/11/26,20,19,56,94,25,22,219,34,166,293,171,35,49,823,15,36,37,33,27,146,3,31
2016/11/27,6,9,32,54,20,20,74,14,111,167,122,20,16,355,5,21,16,18,11,60,1,18
2016/11/28,7,11,35,44,16,10,67,11,66,115,87,8,16,303,12,15,11,17,12,70,0,17
2016/11/29,4,16,37,57,19,9,93,13,114,148,94,14,22,380,14,24,10,18,15,68,2,17
2016/11/3,5,14,34,50,21,17,47,17,99,124,116,16,19,279,10,23,16,20,17,40,1,23
2016/11/30,11,13,42,56,17,9,92,17,89,164,112,15,32,421,13,22,13,18,23,65,2,21
2016/11/4,7,21,57,77,24,16,122,22,110,179,141,18,33,555,13,25,16,23,17,89,2,25
2016/11/5,14,21,52,79,21,19,144,21,119,212,143,23,40,590,13,34,34,26,27,101,2,25
2016/11/6,5,9,28,43,18,17,56,11,87,112,87,19,14,234,9,18,16,14,13,43,1,20
2016/11/7,4,7,29,24,14,10,53,10,50,77,63,9,15,219,15,12,6,14,9,41,0,12
2016/11/8,4,12,31,38,12,7,40,17,63,103,81,12,20,274,12,16,7,18,12,51,1,11
2016/11/9,8,11,41,41,17,6,52,12,70,121,94,21,26,323,13,14,14,17,17,48,2,15
2016/12/1,9,14,43,44,11,6,70,15,70,118,91,11,25,348,16,21,9,18,24,60,1,25
2016/12/10,23,23,61,132,33,21,278,45,199,374,216,43,57,1110,17,48,53,34,30,215,2,47
2016/12/11,11,17,40,66,18,18,103,15,134,173,136,19,24,461,9,25,23,30,15,73,1,24
2016/12/12,14,13,39,63,17,12,94,18,77,152,102,11,33,443,12,23,11,13,12,85,1,22
2016/12/13,11,22,49,64,21,12,125,23,99,183,125,25,36,533,16,25,13,28,21,97,1,29
2016/12/14,16,20,47,82,17,11,136,32,125,239,154,22,42,687,14,36,21,27,22,131,1,35
2016/12/15,17,17,54,82,16,13,140,29,119,241,164,22,43,705,17,32,17,24,22,132,0,29
2016/12/16,26,26,67,151,31,23,305,49,219,454,232,44,71,1304,19,48,51,44,35,237,2,69
2016/12/17,27,27,63,152,34,25,298,45,218,414,232,40,61,1207,19,45,65,38,34,232,1,57
2016/12/18,14,19,39,80,21,20,120,17,152,236,141,20,28,556,11,34,36,26,22,93,1,31
2016/12/19,15,21,43,72,19,10,122,21,101,224,144,23,40,631,15,28,17,21,12,118,1,28
2016/12/2,18,22,65,103,24,17,195,36,157,284,187,25,45,900,18,38,28,28,23,167,2,38
2016/12/20,16,22,47,94,18,11,154,26,117,265,156,29,48,723,17,34,28,27,26,142,2,41
2016/12/21,21,24,59,111,23,15,179,37,148,311,196,37,50,859,16,41,29,28,25,155,1,51
2016/12/22,28,27,65,160,34,22,296,53,231,468,229,51,67,1289,19,47,55,39,42,248,1,78
2016/12/23,24,21,62,134,31,22,208,40,206,347,215,38,47,830,14,42,59,34,30,147,2,44
2016/12/24,26,26,50,162,33,29,188,41,218,361,257,38,49,707,13,48,40,30,34,132,2,39
2016/12/25,14,20,39,129,32,29,108,28,204,283,210,27,33,438,7,36,44,22,22,85,2,33
2016/12/26,12,24,57,102,28,11,183,25,155,272,161,18,41,825,14,36,34,25,27,145,1,30
2016/12/27,15,21,56,103,19,15,203,33,167,296,159,26,48,934,20,38,33,32,27,152,2,42
2016/12/28,24,24,65,136,21,10,243,34,202,340,178,35,54,1065,17,43,48,32,31,203,2,38
2016/12/29,26,22,54,131,25,21,252,43,229,356,186,35,59,1073,13,47,48,36,37,196,1,46
2016/12/3,24,21,62,104,26,23,223,41,175,315,187,39,51,897,14,37,47,29,21,177,2,35
2016/12/30,22,18,56,112,22,23,256,36,222,324,178,41,53,989,11,44,47,31,36,190,1,38
2016/12/31,7,8,17,42,10,5,111,12,108,132,69,14,21,438,5,24,26,13,19,100,0,25
2016/12/4,6,13,33,47,20,18,77,20,90,155,108,18,22,359,8,21,21,28,18,64,2,26
2016/12/5,5,15,38,45,13,7,71,14,72,101,90,12,34,322,12,26,10,20,15,45,0,11
2016/12/6,7,17,39,56,19,10,70,8,68,128,111,20,38,381,11,27,13,19,13,72,1,26
2016/12/7,6,16,55,70,19,10,96,17,94,179,125,24,33,521,18,21,16,19,17,84,3,25
2016/12/8,11,16,46,63,17,14,102,15,99,174,123,18,38,497,18,30,18,17,23,100,2,19
2016/12/9,26,27,65,139,21,16,259,41,184,373,213,32,64,1144,17,46,37,35,30,230,3,53
2016/2/1,2,3,7,16,7,5,24,7,33,50,28,6,10,131,4,6,6,8,6,29,0,11
2016/2/10,12,2,19,50,17,4,124,25,103,166,96,14,25,500,9,14,19,17,11,79,0,24
2016/2/11,2,2,10,28,13,3,51,15,60,94,58,11,12,196,6,14,13,11,9,40,0,14
2016/2/12,10,5,18,48,22,8,118,15,92,157,79,17,25,465,7,14,17,18,18,83,0,23
2016/2/13,10,4,14,64,14,10,128,24,100,167,99,14,37,474,5,18,19,13,19,76,0,24
2016/2/14,5,4,6,34,15,7,39,10,59,96,82,11,13,157,1,13,8,7,8,26,0,22
2016/2/15,6,4,10,26,10,1,53,6,46,58,45,5,13,182,6,8,7,11,9,27,0,13
2016/2/16,7,1,11,28,8,4,54,13,42,81,65,8,9,211,7,11,4,17,8,31,0,16
2016/2/17,5,1,13,26,8,5,69,12,56,95,63,8,18,233,6,8,14,9,8,43,0,14
2016/2/18,5,2,15,32,7,4,44,10,58,95,65,11,19,235,8,13,7,13,6,38,0,15
2016/2/19,4,5,16,66,8,10,113,23,108,176,99,13,26,525,6,20,15,17,12,90,0,22
2016/2/2,2,1,10,14,6,2,30,9,42,64,44,3,10,155,4,9,4,8,7,24,0,6
2016/2/20,13,4,14,61,16,7,122,24,109,155,112,25,33,498,5,24,29,14,20,86,0,28
2016/2/21,4,3,8,32,9,6,50,9,61,100,70,14,13,220,2,10,15,10,10,28,0,17
2016/2/22,4,1,8,26,10,8,38,12,55,73,45,7,13,174,5,9,5,7,9,30,0,13
2016/2/23,3,2,13,38,12,3,53,13,46,88,46,9,14,198,5,7,7,10,5,34,0,11
2016/2/24,2,2,13,43,5,5,59,10,62,101,62,11,20,229,7,9,9,12,11,52,0,21
2016/2/25,9,4,13,35,10,3,66,14,65,102,63,8,16,264,7,11,5,14,8,51,0,16
2016/2/26,9,4,18,79,11,11,148,28,115,179,110,17,40,567,8,19,13,16,20,87,0,32
2016/2/27,10,5,13,66,17,10,144,22,116,181,109,21,31,525,8,23,28,20,18,95,0,31
2016/2/28,4,3,9,37,13,7,67,13,70,99,71,16,12,221,2,10,17,10,15,41,0,9
2016/2/29,2,2,8,24,5,5,41,9,60,65,53,6,11,194,6,8,5,8,4,31,0,15
2016/2/3,4,1,13,28,5,1,31,11,31,76,56,4,15,191,7,2,11,7,4,28,0,7
2016/2/4,2,3,10,24,12,1,43,7,44,72,57,9,12,201,7,8,4,6,7,38,0,12
2016/2/5,11,3,18,63,6,3,98,16,95,152,88,14,39,488,8,19,15,18,13,85,0,23
2016/2/6,11,6,15,52,20,10,116,24,92,150,107,21,29,466,7,20,18,12,12,90,0,23
2016/2/7,4,2,7,23,11,5,52,12,60,77,59,8,14,166,1,12,10,9,5,32,0,13
2016/2/8,2,3,6,29,7,4,33,7,35,60,43,10,12,187,6,7,4,6,8,29,0,13
2016/2/9,4,0,13,22,9,2,33,10,45,74,58,6,13,207,6,10,4,10,9,28,0,16
2016/3/1,2,1,11,21,7,2,32,12,49,66,51,7,8,163,5,6,4,9,6,24,0,12
2016/3/10,3,2,15,34,11,4,61,8,59,101,70,11,23,220,10,8,6,12,7,45,0,14
2016/3/11,10,4,16,69,15,7,130,16,104,180,122,20,38,555,8,16,23,21,13,91,0,31
2016/3/12,10,3,14,58,17,9,140,30,121,195,100,19,19,551,8,18,23,19,18,84,0,24
2016/3/13,6,4,12,32,11,6,56,19,81,109,75,11,14,213,2,11,27,11,8,33,0,15
2016/3/14,6,3,13,27,9,5,49,11,48,85,58,9,17,203,5,11,8,7,7,30,0,7
2016/3/15,10,3,14,42,12,2,54,9,57,107,71,11,13,239,8,5,11,12,12,40,0,15
2016/3/16,3,4,14,40,8,6,69,19,60,117,74,8,24,302,6,10,10,12,10,38,0,19
2016/3/17,11,4,14,40,9,6,60,12,75,105,72,12,16,266,6,10,8,12,9,51,0,16
2016/3/18,13,5,18,68,18,8,151,21,114,218,113,16,36,625,8,13,27,19,13,109,0,31
2016/3/19,13,4,14,83,18,12,136,23,117,196,103,19,28,536,8,16,32,20,19,90,0,32
2016/3/2,6,3,15,25,6,1,48,8,46,82,41,5,15,196,5,10,10,8,12,34,0,14
2016/3/20,8,3,15,51,15,10,107,21,108,153,94,18,22,380,4,14,24,13,15,66,0,23
2016/3/21,7,1,11,36,10,9,54,9,73,103,67,13,9,209,2,8,12,10,12,37,0,13
2016/3/22,3,3,15,43,7,6,57,7,77,81,56,9,16,256,6,10,9,14,8,45,0,18
2016/3/23,6,0,14,50,11,3,76,18,68,138,89,11,21,342,8,12,12,11,14,68,0,27
2016/3/24,11,3,14,48,12,8,68,15,77,144,75,12,21,334,7,16,11,14,14,54,0,18
2016/3/25,13,5,20,82,16,8,165,31,136,247,122,24,35,725,8,15,27,22,15,129,0,36
2016/3/26,13,5,18,74,16,12,160,23,116,206,113,20,35,587,9,15,26,17,18,99,0,33
2016/3/27,3,5,7,39,14,5,76,8,70,121,83,16,15,245,2,17,16,12,12,42,0,17
2016/3/28,7,5,14,38,6,6,79,12,78,106,61,14,12,304,7,9,12,12,13,49,0,13
2016/3/29,9,2,14,42,12,8,67,14,86,113,79,13,20,304,7,13,14,14,12,56,0,28
2016/3/3,3,1,11,26,8,4,49,8,38,76,62,9,13,201,5,9,6,6,7,33,0,14
2016/3/30,8,3,15,54,11,6,87,19,92,142,83,14,28,400,9,13,8,10,15,70,0,17
2016/3/31,3,0,13,40,14,3,59,14,71,93,75,11,18,303,5,10,12,16,11,66,0,27
2016/3/4,11,4,17,58,17,4,119,18,114,161,112,15,26,479,6,19,14,16,12,82,0,26
2016/3/5,9,6,16,61,14,8,126,21,112,179,108,19,30,485,5,21,17,14,13,92,0,23
2016/3/6,4,0,5,32,12,10,46,17,70,85,69,12,10,172,3,12,17,10,9,27,0,12
2016/3/7,3,1,9,22,5,4,34,9,40,67,46,7,16,176,7,8,7,7,9,26,0,11
2016/3/8,2,3,11,37,9,2,61,9,48,85,57,11,11,228,4,11,2,5,11,34,0,13
2016/3/9,3,3,15,37,11,6,55,17,55,93,63,6,17,248,9,9,10,11,12,41,0,14
2016/4/1,7,2,13,56,13,6,100,16,77,149,87,12,27,470,6,12,13,16,13,76,0,26
2016/4/10,4,3,11,29,15,6,37,9,55,75,64,8,13,169,3,5,8,8,11,29,0,12
2016/4/11,4,2,8,15,5,3,31,4,35,73,44,6,10,170,4,6,2,3,6,24,0,10
2016/4/12,7,1,13,21,6,5,56,7,40,82,50,6,14,196,5,12,2,13,5,34,0,8
2016/4/13,5,3,11,41,8,3,51,10,52,88,64,8,22,256,6,7,3,9,7,51,0,13
2016/4/14,4,2,9,36,8,4,51,12,47,82,63,6,15,231,9,4,6,9,9,43,0,21
2016/4/15,11,5,16,78,12,6,148,31,121,208,119,18,35,635,8,15,23,19,16,103,0,34
2016/4/16,14,4,15,62,22,13,134,28,116,182,120,14,30,498,6,18,16,13,22,97,0,28
2016/4/17,3,1,9,34,15,4,50,9,61,95,69,11,8,188,2,11,12,12,10,33,0,11
2016/4/18,3,4,10,24,10,6,39,8,38,72,49,6,11,169,8,4,6,12,6,33,0,14
2016/4/19,5,3,12,34,11,5,41,13,42,87,63,9,14,191,5,8,8,6,8,37,0,12
2016/4/2,7,4,12,59,18,9,104,19,114,135,92,16,26,413,6,19,20,15,12,74,0,13
2016/4/20,6,2,14,36,10,4,55,12,57,93,66,12,14,287,7,11,10,13,14,49,0,18
2016/4/21,3,0,13,38,8,4,60,8,51,85,69,12,19,225,8,6,7,12,9,42,0,22
2016/4/22,15,3,17,79,15,6,145,23,118,197,120,17,34,638,8,18,17,18,13,121,0,42
2016/4/23,10,4,16,72,18,7,153,20,120,202,119,17,32,509,10,17,25,20,21,101,0,27
2016/4/24,5,2,10,33,12,4,55,13,76,91,72,8,9,190,3,11,17,14,9,40,0,11
2016/4/25,6,5,10,32,11,4,45,7,46,72,54,10,15,227,6,9,9,9,10,34,0,14
2016/4/26,6,2,15,40,13,6,50,10,57,97,87,9,15,274,6,11,7,7,12,53,0,14
2016/4/27,7,3,15,48,7,3,76,11,70,104,79,14,22,323,6,12,7,13,11,53,0,19
2016/4/28,9,5,16,79,18,10,146,25,85,209,117,10,29,562,8,15,16,19,18,106,0,25
2016/4/29,8,4,13,56,16,7,117,19,122,168,107,13,19,429,6,17,21,17,19,74,0,24
2016/4/3,2,0,6,31,10,9,42,10,63,72,64,10,12,178,2,6,17,5,8,26,0,12
2016/4/30,14,4,14,66,16,9,133,22,121,182,109,13,26,497,8,22,19,22,14,91,0,28
2016/4/4,2,2,9,26,7,5,44,6,45,57,40,3,7,172,5,6,4,7,7,27,0,7
2016/4/5,8,2,13,23,9,5,35,8,45,71,44,7,13,208,4,7,7,6,9,46,0,10
2016/4/6,7,2,10,29,6,3,43,7,48,81,64,4,13,231,7,15,2,9,6,40,0,13
2016/4/7,3,2,10,21,8,1,46,11,62,81,56,9,16,204,7,8,1,10,6,41,0,12
2016/4/8,12,3,13,74,14,5,114,16,90,169,97,15,36,523,8,13,17,20,18,97,0,32
2016/4/9,10,5,16,70,15,11,112,19,108,155,98,19,23,458,7,13,16,14,13,87,0,20
2016/5/1,8,2,8,38,16,8,60,9,83,125,81,11,14,260,3,11,12,12,20,50,0,17
2016/5/10,5,0,9,32,10,5,37,13,43,72,49,4,9,169,3,5,9,11,6,30,0,9
2016/5/11,2,0,8,43,9,5,44,9,42,83,61,11,14,200,4,8,8,10,7,30,0,13
2016/5/12,5,4,10,32,6,2,56,11,45,83,50,11,14,201,5,3,5,10,10,21,0,12
2016/5/13,7,2,11,73,6,8,122,20,92,167,100,13,24,532,4,10,19,10,13,101,0,23
2016/5/14,10,3,8,63,18,12,123,23,112,169,111,15,20,481,5,15,22,15,16,84,0,28
2016/5/15,3,2,5,34,10,7,45,10,66,84,69,14,9,180,1,5,13,9,10,34,0,18
2016/5/16,2,0,2,18,10,2,41,9,35,61,44,12,15,159,3,1,4,13,8,25,0,15
2016/5/17,5,2,7,33,10,2,38,9,60,85,62,8,11,190,1,3,5,13,10,32,0,11
2016/5/18,6,1,7,36,8,4,51,13,59,103,58,9,12,245,2,7,11,13,10,47,0,14
2016/5/19,6,2,9,37,10,3,65,10,67,96,69,9,12,246,4,12,7,14,7,41,0,17
2016/5/2,8,3,12,50,12,8,97,17,76,121,81,11,17,358,8,16,15,13,20,71,0,18
2016/5/20,11,4,8,80,9,11,130,24,112,214,107,19,21,538,2,11,18,17,19,94,0,31
2016/5/21,12,4,10,60,18,10,147,22,116,199,118,22,34,495,3,17,22,15,17,88,0,30
2016/5/22,4,1,6,36,12,8,44,11,72,94,62,9,13,192,1,1,12,9,15,22,0,15
2016/5/23,2,4,4,25,7,4,40,7,50,66,49,4,17,180,2,5,2,6,2,33,0,10
2016/5/24,2,3,7,26,6,5,44,11,40,87,49,8,13,177,2,11,5,5,8,38,0,9
2016/5/25,7,2,7,42,8,5,65,12,62,119,67,14,15,275,3,5,6,8,12,42,0,23
2016/5/26,3,1,9,37,13,5,54,18,56,106,61,9,13,273,3,5,10,10,6,43,0,20
2016/5/27,7,2,8,70,17,6,148,23,126,191,111,13,26,584,4,19,23,17,15,101,0,32
2016/5/28,10,4,7,73,19,10,146,24,122,185,104,12,36,523,3,15,29,15,22,97,0,20
2016/5/29,6,1,3,37,14,6,55,10,83,101,74,11,11,227,2,8,10,12,16,35,0,16
2016/5/3,12,4,9,56,17,11,121,23,113,162,99,13,22,409,6,15,21,18,19,75,0,21
2016/5/30,2,1,4,25,6,2,48,9,41,73,42,8,10,187,2,6,4,7,7,33,0,13
2016/5/31,6,1,5,38,8,6,46,6,52,73,62,9,14,213,2,8,10,11,4,36,0,8
2016/5/4,9,4,11,42,18,10,103,18,109,147,86,16,14,397,2,17,22,13,21,65,0,17
2016/5/5,3,1,7,40,13,8,60,13,72,100,71,11,16,207,2,5,11,10,16,36,0,12
2016/5/6,9,3,16,49,11,6,79,13,83,131,88,12,15,349,6,14,11,13,8,71,0,15
2016/5/7,11,3,17,60,17,6,108,21,98,145,90,10,16,402,5,9,18,19,12,81,0,22
2016/5/8,5,1,8,31,14,6,38,11,65,79,63,13,10,167,3,8,7,11,9,28,0,16
2016/5/9,2,2,7,27,5,4,46,7,39,51,47,3,10,140,3,5,3,8,6,22,0,5
2016/6/1,3,1,5,30,6,1,52,11,47,96,43,5,12,185,2,6,4,6,4,40,0,8
2016/6/10,10,1,5,77,15,8,131,29,120,215,111,13,23,536,2,12,18,19,15,94,0,28
2016/6/11,10,2,4,77,17,5,154,28,128,218,105,14,29,533,2,12,16,20,19,91,0,29
2016/6/12,3,1,2,33,14,9,56,9,76,101,70,12,5,186,1,8,11,10,8,33,0,17
2016/6/13,3,1,2,31,7,7,34,4,43,70,45,3,7,149,3,8,6,8,5,31,0,14
2016/6/14,3,1,3,35,8,4,35,8,54,74,57,10,11,190,0,11,5,10,5,30,0,12
2016/6/15,5,0,3,46,7,1,60,11,60,98,49,12,20,286,3,7,7,9,10,39,0,16
2016/6/16,8,2,5,50,10,3,63,13,57,118,59,10,15,254,3,5,5,12,8,55,0,16
2016/6/17,11,3,5,81,11,7,137,25,125,191,122,15,32,613,3,21,21,22,19,90,0,35
2016/6/18,12,1,4,79,19,11,154,28,132,215,113,22,27,516,3,23,33,11,17,107,0,23
2016/6/19,4,2,3,45,16,7,67,15,86,103,73,17,9,200,0,10,17,10,11,52,0,21
2016/6/2,5,1,5,23,7,3,49,6,40,62,42,6,9,187,3,3,5,6,9,37,0,11
2016/6/20,5,1,1,27,5,3,35,10,41,84,37,4,6,167,2,5,5,6,4,34,0,11
2016/6/21,4,0,5,27,12,4,50,13,45,79,63,7,15,210,1,6,6,7,3,44,0,13
2016/6/22,3,1,3,50,7,3,70,16,69,120,69,8,13,246,2,7,10,11,6,51,0,18
2016/6/23,4,1,3,44,7,2,54,17,65,91,62,4,18,262,2,12,11,10,7,60,0,19
2016/6/24,8,1,4,86,15,8,165,31,121,263,131,21,34,668,2,21,15,18,19,103,0,34
2016/6/25,12,3,3,77,21,10,158,29,132,229,129,19,24,612,3,23,28,14,19,102,0,26
2016/6/26,4,0,4,42,10,9,65,14,102,120,69,11,10,246,1,10,13,11,13,33,0,19
2016/6/27,4,1,1,32,10,3,41,5,45,84,50,7,15,229,1,8,6,5,8,44,0,15
2016/6/28,6,1,2,39,3,5,43,17,57,107,71,4,4,235,2,8,11,8,5,39,0,14
2016/6/29,5,2,3,39,12,5,76,20,70,115,71,15,13,286,3,2,6,12,11,62,0,18
2016/6/3,12,1,5,73,13,4,117,20,100,175,93,8,21,476,3,14,18,13,17,87,0,30
2016/6/30,3,1,3,42,11,6,72,12,78,108,70,6,17,262,3,8,7,9,9,39,0,19
2016/6/4,16,3,5,57,18,8,123,25,108,191,97,14,23,441,3,15,17,15,20,84,0,19
2016/6/5,6,0,4,34,9,5,48,13,63,85,49,7,9,178,1,8,16,6,7,28,0,17
2016/6/6,1,2,3,25,6,2,42,5,35,63,47,5,7,147,3,7,6,8,5,32,0,8
2016/6/7,4,1,5,35,6,2,28,9,43,81,56,6,12,180,2,6,6,7,3,25,0,9
2016/6/8,3,2,5,41,7,7,47,8,53,96,56,8,13,210,3,10,4,14,10,45,0,17
2016/6/9,5,1,4,34,9,3,55,8,53,91,54,11,12,207,3,7,4,9,11,41,0,22
2016/7/1,11,5,8,67,11,5,113,21,108,198,92,11,29,519,3,8,12,15,16,97,1,22
2016/7/10,4,1,5,35,11,7,47,12,83,114,70,7,13,167,2,14,13,10,9,35,0,10
2016/7/11,2,3,4,34,8,3,32,6,46,77,43,8,12,171,1,10,5,7,8,32,0,5
2016/7/12,5,2,5,33,8,3,45,13,47,93,46,7,12,227,2,9,10,2,6,31,0,11
2016/7/13,5,2,5,53,10,2,57,8,57,127,72,12,14,257,2,9,10,7,5,48,0,27
2016/7/14,6,2,5,49,12,7,58,15,61,111,69,10,17,262,2,7,7,9,7,42,0,12
2016/7/15,15,3,7,86,21,10,137,23,116,216,106,17,30,629,1,13,16,15,12,106,0,25
2016/7/16,12,5,7,86,19,9,146,28,125,216,104,26,23,508,1,18,22,14,14,106,0,23
2016/7/17,12,2,6,60,13,11,96,19,105,152,85,17,18,371,0,15,16,15,10,72,0,22
2016/7/18,5,2,3,38,8,6,44,14,75,120,54,12,12,161,1,9,14,11,4,36,0,12
2016/7/19,2,1,1,32,8,5,60,14,52,81,51,7,19,225,0,6,4,10,5,35,0,15
2016/7/2,9,6,11,70,18,5,119,20,110,195,111,23,27,457,3,15,14,19,14,89,0,23
2016/7/20,2,4,2,43,6,4,62,9,59,112,67,10,20,313,1,7,9,7,12,53,0,19
2016/7/21,9,1,1,48,10,8,65,10,46,97,88,10,18,315,1,9,6,7,12,60,0,13
2016/7/22,11,2,1,85,15,8,152,29,119,226,104,14,28,606,1,18,20,20,16,113,0,26
2016/7/23,10,4,0,80,13,6,129,15,123,209,110,16,27,488,1,13,20,12,20,88,0,24
2016/7/24,9,2,1,34,6,7,48,11,72,105,58,11,17,192,0,8,13,11,10,39,0,17
2016/7/25,5,1,0,36,8,2,49,11,41,86,52,10,12,215,1,2,10,5,10,35,0,12
2016/7/26,2,0,0,44,5,4,55,17,69,112,46,7,15,247,1,9,7,8,5,41,0,12
2016/7/27,8,0,0,53,7,3,69,17,60,115,82,15,17,297,0,16,11,11,8,51,0,19
2016/7/28,5,0,0,58,12,5,53,11,74,144,58,14,24,298,0,9,11,9,16,65,0,21
2016/7/29,10,0,0,94,17,9,146,26,142,237,130,12,28,656,0,20,27,18,16,119,0,40
2016/7/3,7,3,6,37,12,4,48,11,64,79,63,13,8,183,1,7,13,7,9,31,0,8
2016/7/30,10,0,0,87,18,11,140,22,119,201,122,21,22,513,0,15,24,13,20,103,0,26
2016/7/31,5,0,0,38,6,6,64,8,77,112,66,11,12,212,1,14,21,11,8,37,0,17
2016/7/4,4,2,3,29,10,2,28,2,40,69,37,8,9,157,1,2,1,7,5,27,0,6
2016/7/5,5,0,6,23,6,4,46,7,44,66,51,6,10,197,1,5,7,14,5,40,0,11
2016/7/6,7,1,6,45,10,2,54,12,55,114,63,11,13,253,3,9,6,11,10,47,0,18
2016/7/7,4,1,9,38,10,3,48,7,49,96,60,9,13,213,2,4,8,11,9,36,0,12
2016/7/8,7,7,9,85,14,10,147,16,116,219,110,14,35,586,3,11,16,18,18,88,0,28
2016/7/9,11,7,8,84,21,8,121,26,129,211,113,16,34,516,3,19,20,18,17,100,0,22
2016/8/1,2,0,0,24,6,3,34,4,46,67,43,5,15,152,0,8,5,4,6,31,0,16
2016/8/10,10,0,0,89,13,8,140,20,105,199,106,14,27,543,0,11,16,14,18,99,0,34
2016/8/11,11,0,0,47,11,8,88,22,90,135,97,14,13,331,0,9,17,12,16,74,0,18
2016/8/12,12,0,0,70,16,7,107,23,127,185,99,15,29,518,0,18,17,14,17,93,0,26
2016/8/13,7,0,0,70,14,9,124,19,118,162,75,14,29,458,0,15,20,16,17,84,0,21
2016/8/14,7,0,0,56,10,6,95,14,109,134,69,16,14,339,0,17,11,11,12,73,0,21
2016/8/15,8,0,0,41,10,7,70,17,78,103,71,20,17,313,0,13,16,5,13,68,0,13
2016/8/16,8,0,0,43,9,6,77,16,79,96,62,10,11,269,0,10,8,10,9,55,0,12
2016/8/17,5,0,0,49,11,4,72,14,79,128,70,13,23,276,0,12,7,14,7,48,0,17
2016/8/18,6,0,0,48,10,5,55,17,71,116,65,10,20,284,0,9,8,12,12,57,0,10
2016/8/19,9,0,0,87,8,9,128,27,112,215,111,16,23,548,0,20,23,14,14,92,0,27
2016/8/2,5,0,0,38,5,3,34,5,54,82,60,7,10,217,0,6,10,6,8,41,0,13
2016/8/20,9,0,0,80,9,8,131,17,106,210,98,16,26,501,0,20,23,11,20,81,0,20
2016/8/21,6,0,0,45,8,10,63,10,77,98,61,12,7,223,0,7,14,9,14,38,0,12
2016/8/22,5,0,0,37,7,9,44,10,36,85,37,10,6,198,0,5,5,6,3,35,0,13
2016/8/23,2,0,0,42,8,6,64,11,57,124,69,6,15,265,0,9,8,5,7,45,0,10
2016/8/24,5,0,0,56,6,4,77,17,66,120,59,10,17,309,0,5,9,9,4,56,0,14
2016/8/25,7,0,0,45,9,6,63,10,81,129,74,14,17,308,0,12,8,15,7,54,0,19
2016/8/26,11,0,0,80,13,10,153,22,133,229,111,11,24,633,0,16,19,17,19,120,0,29
2016/8/27,8,0,0,81,12,9,147,20,123,215,115,20,23,579,0,19,27,16,21,90,0,33
2016/8/28,4,0,0,54,8,11,66,14,87,109,69,11,12,219,0,13,18,9,13,45,0,17
2016/8/29,5,0,0,32,7,6,63,8,67,98,47,5,17,208,0,11,9,9,8,32,0,8
2016/8/3,6,0,0,50,9,5,63,8,62,122,59,11,16,295,0,13,8,10,11,60,0,8
2016/8/30,3,0,0,51,9,5,50,8,66,87,52,8,13,217,0,13,11,6,4,42,0,9
2016/8/31,7,0,0,59,7,7,64,15,74,109,75,11,17,278,0,15,7,9,8,48,0,26
2016/8/4,5,0,0,36,11,1,75,14,72,109,60,14,24,277,0,14,7,10,4,54,0,15
2016/8/5,12,0,0,81,13,8,151,18,127,224,93,19,30,581,0,17,12,7,18,112,0,24
2016/8/6,10,0,0,71,16,9,112,22,95,189,89,15,30,480,0,18,23,13,13,93,0,25
2016/8/7,8,0,0,40,10,7,52,15,73,98,62,13,13,194,0,11,15,7,10,36,0,10
2016/8/8,3,0,0,37,10,4,52,10,63,102,48,12,12,230,0,13,17,3,7,44,0,14
2016/8/9,6,1,0,43,7,6,62,15,69,112,74,14,11,277,0,12,9,9,11,62,0,13
2016/9/1,2,0,0,39,6,2,51,3,39,99,44,9,11,222,0,8,5,8,7,34,0,6
2016/9/10,13,0,0,76,16,14,141,20,119,191,104,23,30,528,0,25,14,17,18,99,0,21
2016/9/11,5,0,0,47,10,7,60,6,79,91,67,13,12,222,0,12,16,12,7,34,0,14
2016/9/12,5,0,0,35,5,7,50,8,57,87,46,8,13,211,0,9,5,7,10,37,0,11
2016/9/13,5,0,0,43,6,2,58,11,52,96,51,14,13,236,0,8,7,8,7,43,0,14
2016/9/14,5,0,0,43,16,6,65,10,62,122,62,12,17,301,0,12,8,8,12,46,0,21
2016/9/15,2,0,0,50,9,6,63,6,76,117,65,12,22,304,0,15,4,10,11,59,0,20
2016/9/16,13,0,0,77,16,4,128,24,117,221,116,16,24,584,0,22,14,20,13,102,0,27
2016/9/17,12,0,0,84,18,10,133,18,133,194,101,24,31,528,0,20,21,15,20,113,0,24
2016/9/18,7,0,0,70,11,13,111,19,117,194,99,17,25,408,0,14,15,10,23,74,0,23
2016/9/19,2,0,0,43,9,10,65,13,68,105,75,9,18,223,0,11,12,10,11,32,0,24
2016/9/2,5,0,0,88,8,8,114,25,111,194,91,15,18,522,0,14,10,16,17,91,0,24
2016/9/20,5,0,0,35,5,5,53,7,57,98,57,9,17,243,0,7,8,9,11,44,0,16
2016/9/21,9,0,0,82,11,4,123,18,105,179,93,17,31,523,0,17,10,12,8,89,0,22
2016/9/22,3,0,0,46,15,5,61,13,89,122,77,8,12,244,0,11,14,11,14,50,0,18
2016/9/23,9,0,0,76,16,5,123,23,112,194,93,22,33,543,0,23,8,15,15,118,0,29
2016/9/24,12,0,0,83,17,12,134,24,119,213,111,17,23,564,0,26,28,17,15,95,0,27
2016/9/25,3,0,0,50,6,12,48,10,83,119,74,8,16,239,0,16,13,7,9,46,0,24
2016/9/26,4,0,0,35,7,6,58,10,55,101,67,12,17,270,0,14,7,8,11,51,0,16
2016/9/27,5,0,0,47,9,6,69,16,71,132,64,8,20,284,0,9,8,14,8,58,0,13
2016/9/28,4,0,0,50,11,5,79,18,73,122,79,13,20,350,0,18,7,11,15,62,0,15
2016/9/29,5,0,0,52,7,9,81,19,84,136,70,7,24,306,0,18,11,16,5,65,0,18
2016/9/3,7,0,1,77,16,10,138,18,125,193,104,19,23,465,0,26,28,16,17,89,0,28
2016/9/30,6,0,0,81,11,12,138,23,130,240,108,18,39,654,0,23,18,18,13,106,0,39
2016/9/4,3,0,0,33,10,8,52,9,83,103,67,14,13,212,0,7,14,11,6,23,0,16
2016/9/5,7,0,0,37,6,5,47,8,55,67,49,6,14,175,0,11,10,6,2,34,0,13
2016/9/6,4,0,0,36,7,3,35,10,53,86,47,7,13,206,0,17,5,6,13,38,0,8
2016/9/7,3,0,0,45,8,4,65,18,54,95,59,10,14,301,0,7,8,4,9,53,0,22
2016/9/8,8,0,0,42,8,3,70,12,63,111,56,14,16,255,0,10,10,7,13,34,0,14
2016/9/9,11,0,0,80,11,9,131,24,115,206,109,19,28,594,0,26,13,17,15,117,0,28
2017/1/1,2,2,10,26,5,0,76,8,76,74,31,11,14,314,2,23,15,5,8,69,0,20
2017/1/10,4,10,35,47,12,10,75,14,74,98,74,10,19,291,10,16,8,16,16,51,1,12
2017/1/11,3,13,41,52,14,8,87,18,76,141,97,13,24,358,14,23,8,18,11,65,1,16
2017/1/12,8,16,39,62,17,8,76,23,72,138,95,14,25,394,15,17,13,23,13,74,1,18
2017/1/13,16,23,60,100,15,16,203,32,141,282,148,24,42,805,14,32,19,33,25,143,2,43
2017/1/14,19,19,56,106,24,22,198,38,163,277,161,26,39,792,11,37,29,29,26,149,1,30
2017/1/15,10,12,28,68,16,17,90,16,107,142,101,14,27,324,5,18,18,16,13,65,1,26
2017/1/16,8,13,35,47,13,10,70,15,63,121,77,11,15,322,13,12,14,19,17,54,1,10
2017/1/17,3,16,41,56,17,8,69,15,75,122,96,11,19,358,13,18,7,22,10,67,2,21
2017/1/18,7,14,48,62,12,11,91,18,89,167,103,20,32,429,16,22,9,18,16,85,2,20
2017/1/19,9,11,39,62,15,11,101,16,99,172,112,19,25,427,15,18,8,19,11,71,2,21
2017/1/2,10,6,24,61,13,8,133,22,138,162,93,19,29,565,1,29,19,12,10,112,0,31
2017/1/20,16,24,58,121,18,16,206,37,150,307,157,31,52,871,15,38,25,28,19,165,2,39
2017/1/21,18,26,50,119,23,21,222,39,174,317,183,26,46,848,16,41,40,29,25,163,2,41
2017/1/22,9,11,33,68,16,17,83,16,114,171,117,19,25,328,9,24,22,23,16,72,1,19
2017/1/23,2,14,34,46,16,11,62,15,70,124,82,17,21,308,11,15,9,11,12,70,0,21
2017/1/24,7,13,40,59,17,8,86,18,83,140,100,10,27,381,11,19,9,22,18,72,1,17
2017/1/25,8,19,42,65,17,12,112,23,100,183,114,15,33,475,16,21,9,23,17,90,1,33
2017/1/26,12,14,45,71,18,12,97,19,97,173,121,16,33,476,14,26,11,28,20,96,2,20
2017/1/27,19,21,66,126,23,12,204,41,187,342,185,29,47,981,15,45,26,36,27,182,2,48
2017/1/28,19,23,57,127,25,20,220,38,191,336,194,30,56,901,15,37,31,37,32,169,1,36
2017/1/29,12,11,30,73,14,16,97,23,147,165,120,19,29,366,6,22,19,23,16,67,1,27
2017/1/3,11,9,23,67,9,10,126,21,126,158,96,17,26,499,4,29,13,20,20,84,0,24
2017/1/30,8,13,35,56,13,8,87,9,96,145,78,8,22,329,11,18,11,19,19,65,1,22
2017/1/31,8,14,40,55,15,12,86,17,105,151,103,16,27,413,12,20,8,20,19,69,2,22
2017/1/4,9,11,32,48,14,11,92,12,96,142,80,18,26,376,4,19,11,15,13,62,1,16
2017/1/5,6,9,36,39,15,8,90,9,81,128,86,15,21,339,10,25,11,14,17,61,1,18
2017/1/6,12,21,54,89,15,11,131,19,105,212,123,14,36,614,13,28,12,28,21,127,0,21
2017/1/7,22,20,50,85,30,19,167,33,126,237,131,19,39,677,10,29,30,24,29,124,1,18
2017/1/8,12,12,45,85,23,18,138,21,136,211,121,22,38,571,10,29,31,23,21,101,1,24
2017/1/9,8,8,24,52,16,17,92,14,97,145,105,9,16,344,7,18,30,21,15,62,0,17
2017/2/1,9,10,38,48,10,13,84,16,83,155,95,15,23,386,15,17,6,15,15,68,1,14
2017/2/10,19,23,60,138,22,9,211,46,183,325,172,25,52,908,16,33,23,32,28,171,2,43
2017/2/11,19,19,56,122,25,20,190,36,194,307,176,29,46,788,10,39,36,31,31,148,2,39
2017/2/12,4,10,33,73,21,19,86,17,133,173,124,18,26,326,7,20,19,21,17,59,1,26
2017/2/13,7,10,35,50,16,12,71,14,81,145,88,11,21,296,12,12,9,13,11,60,1,14
2017/2/14,9,14,37,64,18,11,76,17,89,180,129,15,21,353,13,29,12,21,14,67,1,11
2017/2/15,12,14,48,79,15,12,108,21,116,196,136,14,26,470,15,21,13,20,17,96,1,28
2017/2/16,7,15,47,78,19,12,90,25,109,184,120,15,33,478,16,23,10,20,18,88,1,25
2017/2/17,17,23,58,122,22,17,189,34,171,342,191,25,50,891,17,36,26,35,30,164,2,40
2017/2/18,21,23,58,131,30,25,209,43,202,325,188,33,44,845,15,38,35,35,41,155,2,33
2017/2/19,5,9,37,79,15,20,97,15,148,188,128,20,22,394,7,30,23,24,22,76,1,24
2017/2/2,7,16,44,44,10,10,85,14,82,144,105,18,28,365,14,18,13,23,13,63,2,14
2017/2/20,10,14,40,65,17,12,88,13,89,160,112,16,19,321,12,22,6,21,13,70,1,22
2017/2/21,8,17,42,72,16,10,100,16,110,182,103,15,35,418,13,23,10,19,17,78,1,21
2017/2/22,11,12,48,83,14,12,117,27,115,220,136,17,29,510,15,23,10,23,25,91,1,25
2017/2/23,10,13,45,82,16,13,93,21,106,204,147,10,37,482,17,22,13,20,17,94,1,19
2017/2/24,18,19,56,134,22,18,210,49,188,353,208,26,43,970,14,39,34,36,37,200,2,45
2017/2/25,24,22,54,134,29,25,218,36,200,351,186,37,48,883,16,34,34,32,33,162,1,43
2017/2/26,5,12,35,75,24,23,103,21,157,207,137,23,22,470,5,25,21,21,26,79,1,25
2017/2/27,10,11,35,72,17,11,91,17,103,165,103,10,26,415,12,22,14,21,14,86,0,20
2017/2/28,8,18,40,69,20,12,92,18,106,186,124,12,23,457,12,19,21,27,20,78,2,23
2017/2/3,20,17,54,110,18,13,179,29,155,276,157,23,40,745,16,37,24,26,25,135,3,35
2017/2/4,17,25,51,110,27,16,211,30,173,290,176,27,52,770,14,37,24,30,29,152,2,30
2017/2/5,7,13,33,58,15,17,92,23,121,173,114,16,23,303,5,21,21,18,17,52,0,16
2017/2/6,6,10,36,45,12,11,69,14,73,130,73,11,18,315,9,20,5,18,14,67,0,13
2017/2/7,7,15,33,62,11,8,76,23,83,156,96,17,29,354,12,23,14,22,16,69,1,22
2017/2/8,12,13,41,65,11,11,84,24,116,166,117,14,25,419,15,22,9,18,15,82,2,20
2017/2/9,8,12,48,69,12,11,89,21,115,184,113,12,33,441,14,26,10,26,24,68,1,19
2017/3/1,9,12,44,65,18,8,79,17,105,168,106,14,25,391,12,17,14,16,22,69,3,19
2017/3/10,17,21,60,147,25,17,206,37,180,368,200,24,55,959,16,37,33,34,23,179,3,45
2017/3/11,18,27,54,134,25,25,224,36,203,364,196,29,49,894,15,33,41,35,29,176,2,49
2017/3/12,10,13,32,71,19,22,108,24,145,218,146,17,28,436,8,26,28,24,22,75,1,28
2017/3/13,8,14,37,69,16,15,87,23,100,174,111,18,23,440,12,20,20,15,13,81,0,25
2017/3/14,10,20,44,85,21,17,114,24,111,214,133,18,37,466,14,27,14,18,18,99,1,16
2017/3/15,17,18,48,98,24,11,131,24,139,245,139,19,31,622,16,25,23,22,25,110,2,36
2017/3/16,15,16,49,107,19,19,137,26,108,251,147,17,31,577,13,22,21,30,17,110,2,29
2017/3/17,23,20,55,144,22,15,239,45,209,391,197,36,43,1035,16,34,32,37,33,202,2,45
2017/3/18,24,23,47,143,29,26,230,39,199,370,195,28,49,898,15,39,48,37,33,183,2,40
2017/3/19,19,20,47,118,23,26,183,32,208,317,182,36,40,713,8,35,29,37,30,153,1,39
2017/3/2,7,13,37,58,17,8,91,24,98,173,108,12,23,436,11,23,11,17,16,63,1,25
2017/3/20,9,17,29,81,24,18,121,20,146,224,135,22,17,451,6,17,29,28,27,73,0,24
2017/3/21,8,14,38,75,17,10,117,23,115,224,131,15,34,528,9,23,14,23,12,91,2,27
2017/3/22,16,21,52,105,17,12,147,31,124,282,156,24,39,653,14,31,17,22,20,127,2,37
2017/3/23,14,18,49,104,19,21,141,22,127,284,157,23,35,651,14,26,27,19,20,131,2,30
2017/3/24,19,19,65,152,22,20,253,43,221,430,211,36,51,1157,16,42,40,37,31,222,2,52
2017/3/25,19,24,60,139,28,26,249,36,216,394,209,25,45,931,13,40,47,37,35,207,2,38
2017/3/26,8,13,35,103,20,20,123,23,151,258,146,22,29,507,7,29,26,25,26,89,1,25
2017/3/27,13,19,41,89,21,15,119,18,119,218,112,19,36,568,12,27,26,22,22,121,0,22
2017/3/28,11,19,49,104,26,16,136,32,134,248,146,21,29,632,12,31,18,33,20,141,2,32
2017/3/29,10,22,51,108,21,14,162,34,169,299,167,26,33,752,12,36,27,27,29,155,2,45
2017/3/3,18,18,49,124,20,14,188,31,182,312,175,28,41,769,16,32,20,30,28,138,2,38
2017/3/30,18,20,47,102,21,15,140,30,151,276,154,13,34,694,14,34,24,28,28,145,2,31
2017/3/31,21,22,63,151,23,20,223,34,207,388,200,25,45,1065,14,40,33,39,26,208,1,55
2017/3/4,22,21,55,136,27,26,200,34,191,343,179,34,45,807,16,38,28,30,32,149,2,40
2017/3/5,9,9,39,74,21,20,87,22,138,201,121,19,22,369,7,19,27,20,22,60,1,22
2017/3/6,8,12,33,58,17,9,78,17,90,142,101,16,19,344,12,14,9,17,9,74,0,19
2017/3/7,6,16,37,71,15,9,74,23,89,186,113,14,29,402,13,19,10,19,11,92,1,24
2017/3/8,15,17,43,89,13,12,106,22,108,213,141,16,26,514,14,20,13,16,13,79,2,20
2017/3/9,10,19,49,77,21,11,108,22,108,200,134,12,34,475,14,22,7,25,19,90,1,21
2017/4/1,15,21,52,109,28,23,189,33,180,295,171,23,34,807,11,33,36,32,34,168,2,35
2017/4/10,9,12,35,63,16,6,73,14,74,152,90,12,16,358,10,18,6,19,17,85,0,19
2017/4/11,5,9,37,64,10,9,92,17,92,169,98,12,22,392,14,21,10,19,16,76,2,21
2017/4/12,10,13,42,78,18,11,114,22,107,185,131,11,29,505,13,24,18,20,22,110,2,30
2017/4/13,10,11,45,79,17,12,82,23,94,195,129,16,24,520,14,19,9,21,19,87,1,17
2017/4/14,14,19,67,146,23,16,235,43,174,381,197,23,44,1038,17,37,34,37,29,216,3,50
2017/4/15,25,23,57,141,30,23,220,37,193,367,204,33,42,862,13,37,36,39,31,171,2,44
2017/4/16,11,9,30,79,20,20,98,23,132,198,145,24,15,420,10,28,24,30,20,80,1,27
2017/4/17,5,14,25,65,18,11,90,17,73,157,103,10,17,384,9,15,6,22,12,66,0,28
2017/4/18,12,17,41,78,15,15,101,19,88,190,118,16,26,483,14,19,5,23,15,90,1,20
2017/4/19,9,14,41,75,20,13,126,29,105,237,164,14,33,574,16,18,13,29,23,119,2,21
2017/4/2,4,10,30,61,22,20,89,22,132,171,115,17,16,319,5,19,16,24,21,68,1,24
2017/4/20,14,16,47,75,15,17,120,17,109,213,132,14,34,555,15,25,11,26,17,124,3,35
2017/4/21,26,21,66,156,24,17,243,45,188,411,206,32,51,1112,16,32,32,40,35,220,2,45
2017/4/22,19,21,58,154,29,21,224,45,201,390,217,32,43,935,17,37,32,35,38,185,3,45
2017/4/23,10,10,21,67,17,17,86,19,117,216,135,22,17,326,6,15,19,25,18,69,0,25
2017/4/24,4,8,25,47,15,11,63,11,60,148,74,10,14,344,11,14,5,9,9,73,0,10
2017/4/25,6,10,37,51,9,10,54,16,63,145,95,11,14,345,8,14,6,19,13,74,1,22
2017/4/26,5,11,27,64,13,5,71,19,74,170,103,13,18,330,11,11,6,14,7,72,1,25
2017/4/27,6,11,27,31,7,10,55,15,62,135,77,11,19,321,8,14,6,14,12,80,1,23
2017/4/28,8,12,43,92,16,11,167,22,111,247,116,16,37,679,11,18,25,21,21,134,2,35
2017/4/29,8,12,33,87,20,13,105,26,101,206,117,17,22,415,6,19,17,20,20,92,2,23
2017/4/3,12,15,30,49,14,9,82,11,81,159,107,10,22,412,11,17,13,21,15,84,0,19
2017/4/30,5,4,12,35,6,10,23,6,53,81,61,8,9,140,3,9,10,11,5,26,1,13
2017/4/4,9,12,36,62,11,12,71,18,106,153,109,11,22,395,11,15,8,16,21,82,1,24
2017/4/5,9,13,41,75,18,11,93,19,107,188,120,15,16,469,13,22,18,19,13,83,2,16
2017/4/6,8,14,42,74,13,14,82,18,100,169,128,16,28,474,12,17,9,25,17,108,2,26
2017/4/7,19,23,61,131,20,19,208,36,172,344,189,23,40,945,16,30,33,33,27,186,2,47
2017/4/8,18,20,56,127,27,23,211,38,185,340,183,28,40,797,12,37,31,34,32,161,2,38
2017/4/9,8,10,29,71,19,21,99,18,136,183,129,15,20,369,5,21,24,24,18,70,1,28
2017/5/1,2,6,8,18,6,1,22,3,19,43,26,9,7,90,4,6,3,3,3,18,0,2
2017/5/10,0,3,4,7,4,0,6,5,9,24,16,1,5,37,3,1,1,3,1,11,0,2
2017/5/11,0,2,4,0,0,1,2,3,3,17,13,2,2,24,4,1,1,1,0,9,1,4
2017/5/12,3,5,15,13,5,2,21,9,23,42,27,6,6,122,5,2,2,3,3,30,0,6
2017/5/13,2,1,10,22,6,3,21,3,14,37,38,9,8,94,2,2,4,6,5,19,0,3
2017/5/14,2,1,2,4,3,1,4,4,4,16,14,4,3,19,1,1,4,2,2,2,0,0
2017/5/15,0,0,3,3,0,1,5,1,2,7,7,2,1,13,1,0,0,1,0,3,0,0
2017/5/16,0,1,4,2,0,1,8,2,2,4,7,1,2,16,1,1,0,1,1,3,0,2
2017/5/17,0,0,3,3,2,1,5,1,3,11,10,2,3,17,2,2,1,2,1,5,0,1
2017/5/18,0,4,1,3,2,0,1,0,2,5,9,1,0,15,0,0,0,1,0,3,0,2
2017/5/19,0,1,4,9,2,0,20,2,9,32,13,10,4,49,3,0,0,4,0,15,0,1
2017/5/2,1,5,20,26,6,3,44,11,35,59,44,4,4,177,4,7,4,10,9,39,0,11
2017/5/20,0,5,4,4,4,5,9,5,9,26,13,3,2,48,0,3,2,4,0,10,2,0
2017/5/21,1,1,1,3,1,2,0,1,5,8,8,3,1,8,1,0,3,3,0,2,0,2
2017/5/22,0,0,0,1,1,0,1,0,1,0,4,0,0,3,0,1,0,0,0,3,0,1
2017/5/23,0,0,1,2,1,1,1,0,0,0,2,0,2,5,1,0,0,0,2,1,0,0
2017/5/24,0,0,1,4,1,0,1,0,2,7,5,0,2,10,0,1,0,0,1,0,0,1
2017/5/25,0,0,0,1,0,0,1,0,1,2,0,0,3,5,2,1,1,0,1,2,0,1
2017/5/26,1,3,4,5,1,0,2,2,5,18,7,2,1,30,1,2,2,0,0,7,0,1
2017/5/27,1,2,4,6,2,1,9,1,4,16,15,5,0,41,1,2,4,1,2,2,0,2
2017/5/28,0,0,1,1,0,1,1,2,1,4,5,2,0,10,1,0,1,2,0,4,0,3
2017/5/29,0,1,0,1,3,0,2,0,2,2,0,0,0,2,0,0,0,0,0,1,0,1
2017/5/3,5,6,16,28,10,7,35,16,40,79,59,13,15,177,4,12,9,12,12,40,0,11
2017/5/30,0,0,1,0,0,0,0,0,1,3,1,1,0,2,0,0,0,0,0,0,0,2
2017/5/31,0,0,0,2,2,1,0,2,0,1,4,0,1,4,2,1,0,0,0,2,0,1
2017/5/4,4,5,15,17,12,6,26,6,25,52,36,13,7,127,5,8,4,7,7,30,0,11
2017/5/5,2,4,9,18,8,3,29,4,27,46,34,10,4,78,3,4,2,7,7,32,0,6
2017/5/6,6,5,12,18,4,4,25,11,30,51,39,6,6,97,3,3,6,5,7,24,0,6
2017/5/7,0,2,3,6,5,2,8,1,6,22,15,1,1,23,2,1,1,2,1,8,0,3
2017/5/8,1,4,3,6,1,1,5,2,4,11,13,3,3,23,2,0,1,2,1,7,0,0
2017/5/9,1,0,3,8,0,0,3,3,2,6,10,4,8,32,2,5,0,2,3,6,0,3
